customer_id,first_order_date,last_order_date,total_orders,total_spend,country
12346,2009-12-14,2011-01-18,12,77556.46,United Kingdom
12347,2010-10-31,2011-12-07,8,5633.32,Iceland
12348,2010-09-27,2011-09-25,5,1658.4,Finland
12349,2010-04-29,2011-11-21,3,3678.69,Italy
12350,2011-02-02,2011-02-02,1,294.4,Norway
12351,2010-11-29,2010-11-29,1,300.93,Unspecified
12352,2010-11-12,2011-11-03,9,1729.54,Norway
12353,2010-10-27,2011-05-19,2,406.76,Bahrain
12354,2011-04-21,2011-04-21,1,1079.4,Spain
12355,2010-05-21,2011-05-09,2,947.61,Bahrain
12356,2010-10-11,2011-11-17,6,5613.68,Portugal
12357,2010-11-16,2011-11-06,2,17437.66,Switzerland
12358,2009-12-08,2011-12-08,5,3447.07,Austria
12359,2009-12-05,2011-10-13,10,8935.94,Cyprus
12360,2010-02-22,2011-10-18,6,3612.89,Austria
12361,2010-01-26,2011-02-25,4,451.25,Belgium
12362,2011-02-17,2011-12-06,10,4737.23,Belgium
12363,2011-04-11,2011-08-22,2,552.0,Unspecified
12364,2011-08-19,2011-12-02,4,1208.1,Belgium
12365,2011-02-21,2011-02-21,1,320.69,Cyprus
12366,2010-03-16,2010-03-16,1,500.24,Cyprus
12367,2011-12-05,2011-12-05,1,150.9,Denmark
12368,2010-03-21,2010-03-21,1,917.7,Cyprus
12369,2010-03-08,2010-10-22,3,1511.15,Austria
12370,2010-02-09,2010-12-17,4,691.82,Austria
12370,2010-12-14,2011-10-19,3,3268.49,Austria
12371,2010-03-04,2011-10-11,4,3347.38,Switzerland
12372,2011-02-16,2011-09-29,3,1196.04,Denmark
12373,2010-02-04,2011-02-01,3,927.65,Austria
12374,2010-04-30,2011-11-14,3,2669.22,Austria
12375,2011-09-02,2011-11-29,2,377.5,Finland
12376,2010-10-18,2010-11-15,2,383.15,Switzerland
12377,2010-04-29,2011-01-28,4,3266.32,Switzerland
12378,2010-05-26,2011-08-02,2,5416.32,Switzerland
12379,2010-06-23,2011-09-19,4,1470.22,Belgium
12380,2010-02-15,2011-11-18,8,7210.65,Belgium
12381,2011-08-12,2011-12-05,3,1474.81,Norway
12383,2010-12-22,2011-06-08,5,1628.56,Belgium
12384,2011-08-10,2011-11-11,2,425.27,Switzerland
12385,2010-11-25,2010-11-25,1,1668.4,Belgium
12386,2010-12-08,2011-01-06,2,660.8,Australia
12387,2010-10-20,2010-10-20,1,143.94,Australia
12388,2010-05-06,2011-11-24,8,3901.11,Australia
12389,2010-02-22,2010-11-02,3,1433.33,Australia
12390,2011-09-21,2011-09-21,1,504.84,Belgium
12391,2010-02-15,2011-11-18,6,2773.42,Cyprus
12392,2010-04-27,2010-04-27,1,234.75,Australia
12393,2010-10-07,2011-09-28,6,2399.45,Australia
12394,2011-05-06,2011-05-06,1,351.08,Belgium
12394,2011-10-07,2011-10-07,1,729.4,Belgium
12395,2010-04-16,2011-11-20,15,4551.27,Belgium
12396,2010-02-03,2010-02-03,1,931.43,RSA
12397,2011-07-27,2011-11-04,2,2214.9,Belgium
12398,2011-10-25,2011-10-25,1,1435.66,Switzerland
12399,2010-03-05,2011-08-12,7,1842.3,Belgium
12400,2010-10-21,2010-10-21,1,205.25,Australia
12401,2011-02-09,2011-02-09,1,69.3,Belgium
12402,2010-02-07,2011-01-20,6,1136.9,Belgium
12403,2010-07-06,2011-10-21,2,947.36,Denmark
12404,2010-01-26,2010-01-26,1,63.24,Finland
12405,2011-07-14,2011-07-14,1,1390.39,Finland
12406,2010-01-11,2011-11-17,5,6390.36,Denmark
12407,2011-03-20,2011-10-21,5,1507.12,Belgium
12408,2010-07-29,2011-11-07,8,3905.77,Belgium
12409,2010-05-23,2011-09-22,7,23419.29,Switzerland
12410,2010-07-25,2011-02-04,3,773.71,Switzerland
12411,2010-10-26,2010-10-26,1,346.9,Australia
12412,2010-06-18,2011-09-26,6,2404.93,Denmark
12413,2011-01-06,2011-10-04,3,686.1,Spain
12413,2010-11-02,2010-11-02,1,185.35,Spain
12414,2010-09-02,2011-05-06,4,532.41,Austria
12415,2010-06-30,2011-11-15,24,144033.37,Australia
12416,2010-02-21,2010-02-21,1,202.56,Australia
12417,2009-12-06,2011-12-06,18,5491.55,Belgium
12417,2010-10-01,2011-04-28,2,526.36,Belgium
12418,2010-03-19,2011-08-19,4,2021.2,Switzerland
12419,2010-10-22,2010-11-19,2,391.01,Spain
12420,2011-10-07,2011-10-07,1,600.39,Cyprus
12421,2010-07-22,2011-11-24,6,874.6,Spain
12422,2009-12-18,2011-09-05,6,1749.65,Australia
12422,2010-05-20,2011-06-24,6,1889.7,Australia
12423,2010-11-17,2011-12-09,9,2038.59,Denmark
12423,2010-08-31,2010-08-31,1,262.8,Denmark
12424,2010-06-09,2011-06-30,4,3340.03,Australia
12425,2010-09-17,2011-09-22,2,1741.41,Portugal
12426,2010-02-15,2011-05-29,2,1201.21,Germany
12427,2010-12-03,2011-11-18,3,949.3,Germany
12428,2011-03-01,2011-11-14,8,6405.26,Finland
12429,2011-04-26,2011-04-26,1,381.98,Denmark
12429,2010-06-11,2011-11-30,7,6597.93,Denmark
12430,2011-10-27,2011-10-27,1,216.4,Norway
12431,2010-03-04,2011-11-04,21,8125.54,Belgium
12431,2010-01-15,2011-10-10,4,2402.43,Belgium
12432,2011-06-20,2011-10-28,4,4359.32,Norway
12433,2010-08-20,2011-12-09,10,20581.26,Norway
12434,2010-11-23,2011-09-16,3,1103.43,Australia
12435,2009-12-02,2011-09-21,6,13925.93,Denmark
12436,2011-09-01,2011-09-01,1,429.01,Norway
12437,2009-12-02,2011-12-08,38,11282.4,France
12438,2011-07-22,2011-11-25,2,2466.85,Norway
12439,2009-12-14,2010-01-26,2,1158.18,Cyprus
12440,2009-12-22,2010-09-03,2,739.2,Austria
12441,2010-12-08,2010-12-08,1,311.1,France
12442,2011-12-06,2011-12-06,1,144.06,Spain
12443,2009-12-07,2009-12-07,1,365.31,Norway
12444,2011-06-21,2011-11-18,5,4085.46,Norway
12445,2010-10-15,2011-11-17,2,378.98,Spain
12446,2011-10-13,2011-10-13,1,1002.31,RSA
12447,2011-04-10,2011-04-10,1,431.49,Belgium
12448,2011-10-26,2011-10-26,1,365.45,Spain
12449,2011-06-05,2011-11-17,4,3596.29,Denmark
12449,2010-09-27,2010-09-27,1,678.6,Denmark
12450,2010-08-22,2011-07-06,5,688.2,Spain
12451,2010-06-28,2011-11-29,8,12629.88,Switzerland
12452,2011-11-23,2011-11-23,1,348.57,Switzerland
12453,2011-07-28,2011-07-28,1,707.09,Austria
12454,2010-10-14,2011-10-14,4,16459.78,Spain
12455,2009-12-18,2011-02-16,5,5066.99,Cyprus
12455,2011-06-03,2011-09-27,4,655.96,Cyprus
12456,2011-03-30,2011-10-26,3,2581.04,Switzerland
12457,2011-09-19,2011-10-04,2,392.7,Switzerland
12457,2010-09-30,2011-09-14,5,2163.21,Switzerland
12458,2010-08-09,2011-09-29,4,1502.49,Switzerland
12459,2010-04-13,2010-04-13,1,398.36,Spain
12460,2010-09-09,2010-09-09,1,296.65,Belgium
12461,2011-07-08,2011-07-08,1,626.88,Switzerland
12462,2011-02-09,2011-11-21,2,937.59,Spain
12463,2011-04-12,2011-10-17,4,1200.78,Belgium
12464,2011-02-03,2011-11-29,8,957.05,Belgium
12465,2011-06-23,2011-11-22,2,682.19,Belgium
12466,2010-01-26,2010-01-26,1,56.73,France
12467,2010-10-12,2010-10-12,1,132.8,USA
12468,2010-01-26,2011-06-05,5,3238.74,Germany
12469,2010-06-21,2010-07-05,2,3070.54,Thailand
12470,2010-01-19,2010-01-19,1,211.95,Unspecified
12471,2009-12-07,2011-12-07,72,35186.59,Germany
12472,2009-12-14,2011-11-07,19,16494.59,Germany
12473,2011-06-01,2011-10-17,3,2596.23,Germany
12474,2010-02-11,2011-11-22,29,11362.45,Germany
12475,2010-10-26,2011-10-17,2,1065.64,Germany
12476,2010-07-26,2011-11-24,18,12351.41,Germany
12477,2010-03-26,2011-11-17,9,20276.37,Germany
12478,2011-12-06,2011-12-06,1,545.99,Greece
12479,2011-11-28,2011-11-28,1,473.2,Germany
12480,2010-07-20,2011-11-11,7,4834.85,Germany
12481,2010-04-11,2011-11-17,14,11191.39,Germany
12482,2010-02-24,2010-05-12,27,21941.72,Sweden
12483,2010-01-31,2011-11-22,19,4092.58,Sweden
12484,2010-01-27,2011-11-04,9,5573.15,Spain
12485,2010-06-28,2010-06-28,1,708.1,Sweden
12486,2010-10-04,2010-10-04,1,917.28,Sweden
12487,2009-12-09,2009-12-09,1,285.3,Sweden
12488,2011-09-25,2011-11-30,3,1244.66,France
12489,2011-01-07,2011-01-07,1,298.93,France
12490,2009-12-01,2011-12-04,20,8764.64,France
12491,2011-11-01,2011-11-01,1,424.4,France
12492,2010-11-01,2011-10-07,3,607.21,Germany
12493,2011-05-26,2011-06-27,2,379.74,France
12494,2010-05-12,2011-11-24,9,1602.87,France
12495,2010-03-09,2010-03-09,1,277.4,Sweden
12496,2010-03-29,2010-03-29,2,54.09,Spain
12497,2010-03-05,2011-09-19,3,5996.5,Germany
12498,2011-10-13,2011-11-18,3,349.7,Germany
12499,2010-05-28,2010-05-28,1,357.72,Germany
12500,2010-02-04,2011-11-16,18,5559.21,Germany
12501,2011-01-07,2011-01-07,1,2025.39,Germany
12502,2011-02-03,2011-09-05,5,2995.87,Spain
12503,2010-05-04,2010-05-04,1,896.0,Spain
12504,2010-04-22,2011-11-21,4,689.05,Germany
12505,2010-10-27,2010-10-27,1,787.2,Italy
12506,2011-04-21,2011-04-21,1,73.5,France
12507,2010-05-04,2011-07-28,4,1508.06,Spain
12508,2011-11-10,2011-11-13,2,398.27,France
12509,2011-02-28,2011-02-28,1,158.5,France
12510,2009-12-04,2011-07-20,7,3039.03,Spain
12511,2010-10-07,2010-10-07,1,3084.02,Greece
12512,2011-10-04,2011-10-04,2,138.03,Israel
12513,2011-08-19,2011-08-19,1,558.29,France
12514,2010-03-08,2011-03-17,2,1597.76,Italy
12515,2010-12-21,2010-12-21,1,278.7,Italy
12516,2010-04-19,2011-09-23,4,2288.62,Germany
12517,2011-06-02,2011-11-11,4,2322.84,Germany
12518,2011-08-21,2011-12-09,5,1840.89,Germany
12519,2010-08-20,2011-10-07,2,636.54,Germany
12520,2011-03-11,2011-09-21,5,2346.26,Germany
12521,2011-07-20,2011-07-20,1,545.68,Germany
12522,2011-10-19,2011-10-31,2,156.72,Germany
12523,2009-12-07,2011-11-20,23,4030.15,France
12524,2010-02-08,2011-11-30,17,9794.11,Germany
12525,2010-03-02,2010-07-29,3,883.73,France
12526,2011-09-06,2011-12-09,3,1172.66,Germany
12527,2010-06-28,2011-09-19,5,717.51,Germany
12528,2011-01-31,2011-11-30,6,1645.48,Germany
12529,2010-06-29,2010-06-29,1,316.48,France
12530,2010-03-07,2011-10-11,9,3381.26,Germany
12531,2010-01-22,2011-11-25,2,1771.2,Germany
12532,2011-11-09,2011-11-09,1,313.83,France
12533,2009-12-01,2010-03-22,2,1223.89,Germany
12534,2011-08-01,2011-08-01,1,981.18,Germany
12535,2011-06-06,2011-09-09,2,716.35,France
12536,2011-10-11,2011-10-11,1,4279.71,France
12537,2010-10-27,2010-10-27,1,612.94,Sweden
12538,2010-11-26,2011-11-10,2,640.45,Spain
12539,2009-12-23,2011-11-17,7,11186.75,Spain
12540,2009-12-07,2011-11-20,32,19250.49,Spain
12541,2011-03-04,2011-11-10,3,841.18,Spain
12542,2010-03-09,2010-08-12,2,481.88,Spain
12543,2010-09-17,2010-09-17,1,840.25,Spain
12544,2011-11-03,2011-11-03,1,316.7,Spain
12545,2011-03-25,2011-09-25,2,832.39,Spain
12546,2011-09-23,2011-10-24,2,1021.5,Spain
12547,2010-07-27,2011-05-26,3,299.58,Spain
12548,2011-06-26,2011-06-26,1,67.2,Spain
12549,2010-01-11,2010-05-13,5,1570.68,USA
12550,2011-09-21,2011-09-21,1,824.83,Spain
12551,2010-12-17,2010-12-17,1,168.0,Spain
12552,2011-10-31,2011-10-31,1,317.82,Italy
12553,2010-10-12,2011-12-01,12,4104.75,France
12554,2010-09-17,2010-09-17,1,384.5,Spain
12555,2010-01-26,2010-01-26,1,129.23,Spain
12556,2011-07-11,2011-10-20,2,603.71,Spain
12557,2009-12-17,2011-11-23,8,18716.14,Spain
12558,2011-12-02,2011-12-02,1,269.96,USA
12559,2011-01-24,2011-02-02,2,525.71,Germany
12560,2011-07-19,2011-12-04,2,1918.01,Germany
12561,2011-02-10,2011-02-10,1,238.85,Germany
12562,2010-09-30,2011-12-01,9,4426.92,France
12563,2010-10-27,2010-10-27,1,221.24,Italy
12564,2011-03-23,2011-03-23,1,402.9,France
12565,2011-02-24,2011-02-24,1,145.92,Saudi Arabia
12566,2011-09-14,2011-09-14,1,297.65,Germany
12567,2010-02-11,2011-11-17,15,12467.86,France
12568,2010-03-05,2010-03-05,1,52.0,Germany
12569,2011-04-01,2011-12-07,32,3152.69,Germany
12570,2010-01-26,2010-01-26,1,77.52,Spain
12571,2011-08-10,2011-10-31,2,519.61,France
12572,2011-10-19,2011-12-01,2,912.42,Germany
12573,2010-08-31,2011-04-26,5,717.41,France
12574,2011-01-28,2011-01-28,1,182.45,France
12575,2010-07-01,2010-09-08,2,568.82,France
12576,2010-07-01,2011-11-04,8,2062.72,Poland
12577,2009-12-03,2011-11-04,8,1649.8,France
12578,2010-09-22,2011-11-18,4,4026.45,Italy
12579,2011-09-22,2011-09-22,1,386.42,France
12580,2010-05-12,2011-04-07,2,962.9,Germany
12581,2011-10-31,2011-10-31,1,179.71,Germany
12582,2010-05-11,2011-04-15,4,1820.4,Finland
12583,2009-12-06,2011-12-07,27,13295.44,France
12584,2011-03-04,2011-12-06,9,2254.15,Italy
12585,2010-12-23,2011-04-19,2,1824.1,Germany
12586,2009-12-16,2011-11-22,4,2062.67,Italy
12587,2011-12-02,2011-12-02,1,104.0,Finland
12588,2010-04-21,2011-10-31,3,718.78,Finland
12589,2010-01-19,2011-11-11,6,3294.91,France
12590,2011-05-12,2011-05-12,1,9341.26,Germany
12591,2010-10-27,2011-01-26,3,1128.15,Italy
12592,2010-07-08,2011-09-08,4,1723.64,Germany
12593,2011-05-05,2011-08-23,3,382.1,France
12594,2010-03-03,2011-11-02,14,4890.11,Italy
12595,2010-07-23,2010-07-23,1,281.02,Germany
12596,2011-04-11,2011-10-19,2,450.27,Spain
12597,2011-03-16,2011-11-20,4,3195.22,Spain
12598,2010-03-01,2011-11-30,10,4192.09,France
12599,2010-05-11,2011-11-10,13,2026.72,France
12600,2009-12-07,2011-11-11,21,4448.92,Germany
12601,2010-10-31,2011-06-03,6,573.26,Germany
12602,2011-10-12,2011-10-12,1,153.12,France
12603,2011-11-18,2011-11-18,1,613.2,Germany
12604,2011-03-23,2011-09-21,2,236.18,France
12605,2010-09-07,2010-11-28,3,1124.95,Germany
12606,2010-01-26,2010-01-26,1,21.0,Spain
12607,2011-10-10,2011-10-10,1,1579.51,USA
12608,2010-10-31,2010-10-31,1,415.79,United Kingdom
12609,2009-12-20,2011-09-22,9,3021.86,Germany
12610,2011-08-05,2011-11-17,4,1747.54,Italy
12611,2011-10-18,2011-10-18,1,1193.32,Italy
12612,2011-09-26,2011-09-26,1,668.04,Germany
12613,2009-12-14,2011-10-13,9,6295.07,Germany
12614,2011-03-07,2011-03-07,1,315.6,Germany
12615,2010-03-18,2011-12-07,8,5362.98,France
12616,2010-11-16,2011-09-05,3,1023.1,France
12617,2011-11-10,2011-11-10,1,355.53,France
12618,2011-11-18,2011-11-18,1,137.31,Italy
12619,2010-05-28,2011-11-23,9,3085.7,Germany
12620,2011-05-19,2011-11-25,3,1303.41,France
12621,2010-02-09,2011-12-08,35,22525.81,Germany
12622,2011-04-21,2011-04-21,1,162.1,Germany
12623,2010-01-12,2011-03-08,7,3315.84,Germany
12624,2011-06-15,2011-08-25,2,569.13,France
12625,2010-04-22,2011-05-12,4,4678.88,Germany
12626,2011-01-17,2011-11-16,9,5954.48,Germany
12627,2011-07-22,2011-11-29,6,4082.53,Germany
12628,2011-10-06,2011-12-05,3,732.46,Germany
12629,2010-10-12,2010-11-19,2,1198.22,Sweden
12630,2011-10-27,2011-11-30,2,1030.88,Finland
12631,2010-01-15,2011-10-13,6,3321.57,Finland
12632,2010-05-24,2010-07-07,2,714.88,Germany
12633,2010-07-02,2011-10-12,7,5156.16,Germany
12634,2010-06-09,2010-06-09,1,360.0,USA
12635,2010-09-09,2011-09-11,4,2624.41,Germany
12637,2010-06-14,2011-10-03,12,8142.31,France
12638,2010-03-10,2011-11-06,2,681.49,Sweden
12639,2010-03-22,2011-04-15,3,1072.37,Sweden
12640,2011-09-19,2011-11-16,3,994.58,France
12641,2011-08-16,2011-08-16,1,145.9,Sweden
12642,2011-08-24,2011-11-14,3,905.26,Germany
12643,2010-04-07,2011-08-03,11,7849.42,France
12644,2010-01-14,2011-08-02,4,1900.49,Germany
12645,2010-02-09,2011-11-06,8,3215.3,Germany
12646,2011-10-21,2011-12-05,2,1346.97,USA
12647,2010-01-13,2011-11-17,35,14916.35,Germany
12648,2010-01-07,2011-07-08,4,1039.0,Germany
12649,2010-01-12,2011-08-24,8,2096.65,Germany
12650,2011-12-06,2011-12-06,1,242.44,France
12651,2010-08-31,2011-01-09,4,377.75,France
12652,2011-01-12,2011-01-12,1,793.98,Germany
12652,2010-10-01,2010-10-01,1,97.05,Germany
12653,2010-07-01,2011-07-14,3,4160.83,Israel
12654,2011-02-17,2011-11-29,5,529.98,Germany
12655,2010-10-12,2010-10-12,1,243.35,France
12656,2010-05-26,2011-11-22,8,5723.83,France
12657,2011-09-22,2011-11-28,4,1427.18,France
12658,2011-11-21,2011-11-21,1,632.05,Germany
12659,2011-11-10,2011-11-10,1,73.68,France
12660,2011-11-28,2011-11-28,1,227.1,France
12661,2010-09-29,2010-09-29,1,162.0,Sweden
12662,2010-04-01,2011-12-09,20,6374.02,Germany
12663,2010-02-09,2010-03-25,2,185.4,Germany
12664,2009-12-13,2011-12-01,11,5420.04,Finland
12665,2010-02-08,2011-01-19,3,259.6,Germany
12666,2010-11-10,2010-11-10,1,1248.42,Israel
12667,2011-10-12,2011-10-12,1,460.13,Finland
12668,2010-01-31,2011-11-28,9,9967.68,Germany
12669,2011-03-28,2011-07-12,2,1427.73,France
12670,2010-02-11,2011-11-29,7,3436.29,France
12671,2010-04-12,2010-04-12,1,2622.48,Germany
12672,2010-04-23,2011-01-14,2,407.05,France
12673,2010-11-03,2011-12-04,3,1140.02,Germany
12674,2011-05-16,2011-11-01,4,1844.6,France
12675,2010-05-10,2010-06-04,2,874.5,Italy
12676,2010-08-13,2011-11-15,10,2333.09,Sweden
12677,2010-02-11,2010-06-02,2,359.1,France
12678,2010-01-07,2011-10-28,15,32595.18,France
12679,2011-03-01,2011-10-12,4,951.02,France
12680,2011-08-18,2011-12-09,4,790.81,France
12681,2009-12-13,2011-11-25,44,27898.28,France
12682,2009-12-01,2011-12-06,51,21693.91,France
12683,2009-12-13,2011-12-05,20,11400.78,France
12684,2011-05-10,2011-12-02,6,2073.63,France
12685,2011-09-07,2011-11-11,6,2575.08,France
12686,2010-12-03,2010-12-03,1,142.28,France
12687,2010-08-16,2010-08-16,1,1858.91,Sweden
12688,2011-08-18,2011-08-18,1,4873.81,Israel
12689,2011-08-04,2011-11-14,2,1139.61,France
12690,2011-05-18,2011-05-18,1,335.01,France
12691,2010-10-15,2011-11-11,6,1044.4,France
12692,2010-03-12,2010-03-12,1,110.95,France
12693,2010-07-05,2011-08-04,7,1415.02,Germany
12694,2010-10-14,2011-09-30,3,1663.35,France
12695,2010-02-12,2011-12-02,7,1371.12,France
12696,2010-07-19,2010-10-01,2,731.91,Finland
12697,2011-06-23,2011-11-11,3,757.59,Sweden
12698,2010-04-28,2010-04-28,1,285.75,Germany
12699,2010-10-18,2010-10-18,1,566.11,Germany
12700,2011-05-08,2011-12-02,4,4525.99,France
12701,2010-03-16,2011-09-21,6,2248.41,Germany
12702,2011-11-20,2011-11-20,1,201.0,Germany
12703,2010-01-24,2011-09-29,4,898.53,Germany
12704,2011-06-23,2011-12-02,8,1740.84,Finland
12705,2010-06-24,2011-11-24,13,11114.1,Germany
12707,2011-02-21,2011-02-21,1,603.42,France
12708,2009-12-18,2011-11-10,18,4738.1,Germany
12709,2009-12-09,2011-11-24,33,30247.34,Germany
12710,2011-05-22,2011-09-04,3,1023.02,Germany
12711,2010-02-01,2010-04-07,2,1213.05,Germany
12712,2009-12-09,2011-11-11,21,6401.66,Germany
12713,2011-12-09,2011-12-09,1,794.55,Germany
12714,2009-12-04,2011-11-30,12,12815.71,France
12715,2011-08-25,2011-08-25,1,273.86,Sweden
12716,2011-07-29,2011-12-06,2,963.49,France
12717,2010-04-28,2011-07-11,3,1058.91,Greece
12718,2011-09-29,2011-09-29,1,202.25,France
12719,2011-10-05,2011-12-04,2,572.95,France
12720,2010-07-21,2011-12-07,29,7306.67,Germany
12721,2010-08-25,2011-11-08,8,3635.08,France
12722,2011-07-12,2011-09-15,4,979.63,France
12723,2011-10-05,2011-12-06,5,707.07,France
12724,2010-06-22,2011-12-04,7,2083.52,France
12725,2010-05-04,2010-12-03,3,2278.56,Italy
12726,2010-03-25,2011-11-11,11,3690.6,France
12727,2010-02-23,2011-11-29,10,4905.53,France
12728,2010-11-21,2011-09-29,5,926.17,France
12729,2011-08-18,2011-08-18,1,417.01,France
12730,2010-07-06,2010-07-06,1,703.25,Germany
12731,2010-03-02,2011-11-16,17,25631.71,France
12732,2011-06-13,2011-06-13,1,218.26,France
12733,2010-01-19,2011-04-19,4,2424.02,USA
12734,2010-11-12,2010-12-22,3,603.65,France
12735,2011-01-06,2011-01-28,2,689.57,France
12736,2011-01-11,2011-01-11,1,144.0,France
12738,2010-12-02,2010-12-02,1,274.7,Germany
12739,2010-11-10,2011-09-01,2,2421.23,United Arab Emirates
12740,2011-10-07,2011-10-07,1,427.6,France
12741,2010-06-24,2010-06-24,1,236.07,USA
12742,2010-03-24,2010-03-24,1,1201.52,United Arab Emirates
12743,2011-07-28,2011-07-28,2,546.43,Unspecified
12744,2010-04-27,2011-10-14,8,13158.16,Singapore
12745,2010-01-26,2010-01-26,1,201.56,EIRE
12745,2010-05-14,2010-08-10,2,723.85,EIRE
12746,2010-06-17,2010-06-17,1,254.55,United Kingdom
12747,2009-12-07,2011-12-07,26,9276.54,United Kingdom
12748,2009-12-04,2011-12-09,323,52581.8,United Kingdom
12749,2010-07-06,2011-12-06,9,6847.36,United Kingdom
12750,2011-08-03,2011-08-03,1,275.88,Poland
12751,2010-09-21,2010-09-21,1,268.27,Brazil
12752,2011-09-19,2011-09-19,1,4366.78,Norway
12753,2010-12-12,2011-11-17,6,21429.39,Japan
12754,2011-02-04,2011-04-18,3,3010.74,Japan
12755,2010-01-15,2011-03-04,11,9030.66,Japan
12756,2011-09-14,2011-09-14,1,112.08,Japan
12757,2011-05-12,2011-11-24,9,4199.2,Portugal
12758,2009-12-01,2011-08-15,7,9903.24,Portugal
12759,2009-12-04,2011-10-18,8,4618.74,Netherlands
12760,2010-09-10,2010-09-10,1,317.8,Netherlands
12761,2010-09-01,2010-09-01,1,712.95,Netherlands
12762,2011-11-14,2011-12-02,2,1702.52,Portugal
12763,2010-12-05,2011-07-24,2,814.16,Japan
12764,2011-01-27,2011-01-27,1,1693.88,Lebanon
12765,2010-03-08,2010-08-24,6,1299.58,Netherlands
12766,2010-10-28,2011-12-06,9,9116.28,Portugal
12767,2010-11-29,2010-11-29,1,949.82,Korea
12768,2010-09-15,2010-09-15,1,168.69,Korea
12769,2011-04-15,2011-04-15,1,1143.6,Brazil
12770,2010-09-09,2011-05-13,2,3246.45,Japan
12771,2010-08-11,2010-08-11,1,226.3,Portugal
12772,2011-10-11,2011-10-11,1,752.47,Portugal
12773,2010-05-24,2010-05-24,1,124.25,Portugal
12774,2010-06-22,2010-06-22,1,83.7,Netherlands
12775,2010-10-26,2011-11-22,7,1551.12,Netherlands
12776,2010-02-10,2010-02-10,1,27.5,Portugal
12777,2010-09-08,2010-09-08,1,519.45,United Kingdom
12778,2010-04-16,2011-11-20,9,1541.68,Netherlands
12779,2009-12-03,2011-11-02,14,6722.27,Poland
12780,2010-04-20,2010-04-20,1,322.4,Netherlands
12781,2011-02-28,2011-10-07,2,786.74,Czech Republic
12782,2010-07-08,2011-12-05,11,3862.24,Portugal
12783,2011-09-25,2011-12-07,4,1295.87,Portugal
12784,2010-06-28,2011-11-24,2,1552.75,Portugal
12785,2009-12-08,2010-12-10,3,904.4,Portugal
12786,2010-04-09,2010-04-09,1,668.5,Netherlands
12787,2010-10-22,2011-11-30,4,799.18,Netherlands
12788,2010-06-29,2010-09-02,4,384.9,Netherlands
12789,2010-01-15,2011-10-05,3,225.35,Netherlands
12790,2010-10-25,2011-05-31,2,546.85,Netherlands
12791,2010-03-25,2010-12-01,5,834.43,Netherlands
12792,2010-06-23,2011-03-28,2,715.01,Portugal
12793,2010-11-03,2011-01-09,3,849.33,Portugal
12794,2011-09-02,2011-10-17,2,860.41,Portugal
12795,2011-11-21,2011-11-21,1,318.48,Portugal
12796,2010-03-21,2010-03-21,1,351.0,Netherlands
12797,2010-10-11,2010-12-09,2,694.11,Portugal
12798,2010-10-14,2011-11-29,4,8510.93,Japan
12799,2010-06-28,2010-06-28,1,219.35,Japan
12800,2010-02-01,2010-08-26,2,500.25,Portugal
12801,2010-07-27,2010-07-27,1,871.82,Sweden
12802,2010-05-25,2011-06-06,5,2186.42,Netherlands
12803,2010-11-11,2010-11-11,1,1017.81,Netherlands
12804,2010-07-27,2010-08-31,2,327.02,Netherlands
12805,2010-02-03,2010-11-23,4,1230.95,Netherlands
12806,2010-04-30,2010-05-16,2,2558.96,Netherlands
12807,2010-11-21,2010-11-21,1,250.35,Sweden
12808,2010-09-03,2011-11-03,5,850.1,Portugal
12809,2010-03-02,2011-06-15,3,1384.34,Portugal
12810,2010-02-01,2010-06-23,2,534.99,Japan
12811,2010-10-08,2011-03-23,4,893.9,Portugal
12812,2011-10-26,2011-10-26,1,229.64,Japan
12813,2010-01-15,2010-07-26,3,1621.8,Netherlands
12814,2011-08-30,2011-08-30,1,85.92,Poland
12815,2011-05-25,2011-07-15,2,863.46,Poland
12816,2011-06-16,2011-09-05,2,452.2,Poland
12817,2010-10-01,2011-03-03,3,570.98,Austria
12818,2011-03-23,2011-03-23,1,1182.08,Austria
12819,2010-09-07,2010-09-07,1,540.52,United Kingdom
12820,2009-12-05,2011-12-06,11,2689.52,United Kingdom
12821,2010-04-07,2011-05-09,2,220.8,United Kingdom
12822,2011-09-13,2011-09-30,2,948.88,United Kingdom
12823,2010-01-29,2011-09-26,18,6501.5,United Kingdom
12824,2011-10-11,2011-10-11,1,397.12,United Kingdom
12825,2010-03-08,2010-07-06,2,518.63,United Kingdom
12826,2009-12-18,2011-12-07,12,2955.75,United Kingdom
12827,2011-10-26,2011-12-04,3,430.15,United Kingdom
12828,2011-08-01,2011-12-07,6,1018.71,United Kingdom
12829,2010-06-07,2011-01-07,3,385.3,United Kingdom
12830,2011-06-21,2011-11-02,6,6814.64,United Kingdom
12831,2010-09-02,2011-03-22,3,451.11,United Kingdom
12832,2011-09-02,2011-11-07,2,383.03,United Kingdom
12833,2011-07-17,2011-07-17,1,417.38,United Kingdom
12834,2011-03-02,2011-03-02,1,312.38,United Kingdom
12835,2009-12-03,2010-10-08,41,6043.31,United Kingdom
12836,2009-12-01,2011-10-11,15,6585.62,United Kingdom
12837,2010-05-19,2011-06-19,2,688.41,United Kingdom
12838,2010-04-26,2011-11-06,10,3398.48,United Kingdom
12839,2009-12-07,2011-12-07,26,10071.73,United Kingdom
12840,2010-02-03,2011-07-19,7,4041.97,United Kingdom
12841,2010-07-08,2011-12-05,40,7540.68,United Kingdom
12842,2009-12-02,2011-09-30,4,1917.99,United Kingdom
12843,2009-12-13,2011-10-05,28,6466.92,United Kingdom
12844,2010-04-25,2011-11-10,4,648.6,United Kingdom
12845,2011-02-22,2011-03-17,4,354.09,United Kingdom
12846,2010-01-26,2010-01-26,1,15.58,United Kingdom
12847,2010-11-17,2011-11-17,2,1636.9,United Kingdom
12848,2010-02-02,2010-02-02,1,208.0,United Kingdom
12849,2010-04-27,2011-11-08,6,3064.07,United Kingdom
12850,2010-09-20,2010-09-20,1,330.0,United Kingdom
12851,2010-08-19,2011-09-04,2,284.13,United Kingdom
12852,2011-02-18,2011-02-18,1,311.55,United Kingdom
12853,2010-02-05,2011-07-28,11,3907.5,United Kingdom
12854,2009-12-11,2011-09-22,7,2994.02,United Kingdom
12855,2010-11-02,2010-12-02,4,650.94,United Kingdom
12856,2011-10-07,2011-12-02,6,2179.93,United Kingdom
12857,2010-01-25,2011-05-13,6,3688.0,United Kingdom
12858,2010-11-21,2010-11-21,1,177.92,United Kingdom
12859,2010-09-07,2010-09-07,1,575.1,United Kingdom
12860,2010-01-15,2010-01-15,1,55.47,United Kingdom
12861,2010-03-30,2010-03-30,1,68.25,United Kingdom
12862,2010-08-01,2010-10-10,2,1008.32,United Kingdom
12863,2010-04-29,2011-10-18,6,2792.55,United Kingdom
12864,2010-07-19,2011-07-24,2,299.57,United Kingdom
12865,2010-08-20,2011-11-13,4,3323.47,Austria
12866,2010-07-25,2011-03-01,3,1092.35,Belgium
12867,2009-12-16,2011-11-13,13,7913.29,United Kingdom
12868,2010-11-12,2011-06-07,8,2247.06,United Kingdom
12869,2010-01-27,2010-01-27,1,337.67,United Kingdom
12870,2010-03-25,2010-11-29,3,1676.95,United Kingdom
12871,2010-09-26,2011-09-16,3,744.02,United Kingdom
12872,2009-12-03,2011-01-17,12,3685.49,United Kingdom
12873,2010-01-27,2011-03-02,3,2027.3,United Kingdom
12874,2010-06-03,2010-11-19,2,873.42,Belgium
12875,2010-01-11,2011-07-19,5,1356.99,United Kingdom
12876,2010-04-28,2011-10-13,4,3751.79,Belgium
12877,2010-01-18,2011-12-06,20,2955.17,United Kingdom
12878,2011-03-18,2011-04-17,2,854.99,United Kingdom
12879,2011-09-09,2011-10-26,3,573.22,United Kingdom
12880,2010-05-14,2010-11-23,2,640.13,United Kingdom
12881,2011-03-09,2011-03-09,1,298.0,United Kingdom
12882,2011-11-06,2011-11-30,2,1463.04,United Kingdom
12883,2011-09-11,2011-11-15,4,703.47,United Kingdom
12884,2011-09-12,2011-09-12,1,309.05,United Kingdom
12885,2011-08-08,2011-10-07,3,1175.22,United Kingdom
12886,2011-05-04,2011-10-03,2,1378.4,United Kingdom
12887,2010-11-21,2010-11-21,1,222.4,United Kingdom
12888,2011-03-29,2011-05-09,2,354.12,United Kingdom
12889,2010-07-25,2010-11-23,4,385.46,United Kingdom
12890,2010-11-17,2011-11-15,2,717.27,United Kingdom
12891,2010-02-18,2011-06-07,11,840.5,United Kingdom
12892,2010-11-08,2010-11-08,1,263.38,United Kingdom
12893,2011-11-09,2011-11-09,1,188.14,United Kingdom
12894,2010-05-13,2010-05-13,1,157.35,United Kingdom
12895,2011-09-14,2011-10-28,2,372.8,United Kingdom
12897,2010-06-14,2011-05-19,4,514.25,United Kingdom
12898,2010-02-18,2010-09-02,2,310.96,United Kingdom
12899,2010-10-22,2010-10-22,1,366.4,United Kingdom
12900,2010-10-13,2010-10-13,1,340.33,United Kingdom
12901,2011-03-14,2011-12-01,28,17654.54,United Kingdom
12902,2011-03-20,2011-03-20,1,138.68,United Kingdom
12903,2010-10-07,2010-10-07,1,833.53,United Kingdom
12904,2011-06-20,2011-11-21,2,509.58,United Kingdom
12905,2010-01-26,2010-05-12,2,1018.42,United Kingdom
12906,2011-09-22,2011-11-28,5,2919.81,United Kingdom
12907,2010-08-02,2010-11-09,2,508.91,United Kingdom
12908,2010-03-19,2011-06-16,5,1776.0,United Kingdom
12909,2010-02-24,2011-10-31,8,3103.19,United Kingdom
12910,2010-03-28,2011-11-16,13,5796.52,United Kingdom
12911,2010-06-06,2010-06-06,1,1680.47,United Kingdom
12912,2011-10-30,2011-12-07,5,1662.3,United Kingdom
12913,2009-12-01,2011-12-05,13,6700.86,United Kingdom
12914,2010-11-04,2010-11-04,1,223.98,United Kingdom
12915,2010-04-29,2011-07-14,4,1174.75,United Kingdom
12916,2010-01-24,2011-07-24,7,4654.02,United Kingdom
12917,2009-12-09,2011-08-03,6,4359.2,United Kingdom
12919,2011-06-23,2011-12-01,6,1335.19,United Kingdom
12920,2009-12-14,2011-11-22,4,488.09,United Kingdom
12921,2009-12-01,2011-11-30,74,35921.04,United Kingdom
12922,2011-07-01,2011-07-01,1,405.38,United Kingdom
12923,2010-05-13,2011-10-06,3,788.62,United Kingdom
12924,2009-12-09,2011-09-12,12,2461.45,United Kingdom
12925,2010-04-26,2011-12-05,3,729.33,United Kingdom
12926,2009-12-14,2010-10-24,4,1548.08,United Kingdom
12927,2010-11-10,2010-11-10,1,197.31,United Kingdom
12928,2010-06-08,2011-11-04,12,4304.89,United Kingdom
12929,2011-02-01,2011-02-01,1,117.85,United Kingdom
12930,2011-06-21,2011-09-22,2,415.8,United Kingdom
12931,2009-12-01,2011-11-18,57,92347.34,United Kingdom
12932,2010-02-10,2010-06-18,8,1698.56,United Kingdom
12933,2009-12-10,2011-11-15,8,1687.03,United Kingdom
12934,2009-12-03,2009-12-03,1,181.65,United Kingdom
12935,2010-04-11,2011-12-07,15,4243.86,United Kingdom
12936,2011-09-22,2011-11-22,4,1063.9,United Kingdom
12937,2009-12-03,2011-11-24,9,3097.61,United Kingdom
12938,2011-11-14,2011-11-14,1,114.14,United Kingdom
12939,2010-01-12,2011-10-06,20,25264.8,United Kingdom
12940,2011-09-13,2011-10-16,2,913.54,United Kingdom
12941,2009-12-15,2009-12-15,1,377.49,United Kingdom
12942,2010-12-09,2011-07-31,3,942.65,United Kingdom
12943,2010-04-13,2010-05-30,2,496.5,United Kingdom
12944,2010-12-20,2011-11-04,2,604.51,United Kingdom
12945,2010-02-21,2011-02-24,2,900.11,United Kingdom
12946,2010-09-29,2010-09-29,1,324.45,United Kingdom
12947,2010-12-01,2011-07-19,6,1908.03,United Kingdom
12948,2009-12-02,2011-11-23,9,2317.43,United Kingdom
12949,2009-12-03,2011-11-09,22,15526.7,United Kingdom
12950,2011-11-15,2011-12-07,3,1843.0,United Kingdom
12951,2010-01-10,2011-12-01,15,3213.72,United Kingdom
12952,2011-09-22,2011-12-04,4,1387.79,United Kingdom
12953,2010-07-05,2011-11-30,2,828.81,United Kingdom
12954,2010-03-11,2010-03-11,1,162.45,United Kingdom
12955,2011-03-17,2011-12-08,11,4757.16,United Kingdom
12956,2009-12-15,2011-02-06,4,521.89,United Kingdom
12957,2009-12-11,2011-11-30,13,8706.97,United Kingdom
12958,2010-05-05,2010-11-04,2,539.49,United Kingdom
12959,2010-08-12,2010-08-12,1,150.95,United Kingdom
12960,2010-02-16,2010-10-22,4,1322.07,United Kingdom
12961,2010-11-25,2010-11-25,1,211.99,United Kingdom
12962,2011-08-18,2011-12-02,2,266.39,United Kingdom
12963,2010-07-08,2011-12-01,12,3601.59,United Kingdom
12964,2010-09-28,2010-09-28,1,132.24,United Kingdom
12965,2011-09-11,2011-09-11,1,771.91,United Kingdom
12966,2011-11-30,2011-11-30,1,160.18,United Kingdom
12967,2010-11-21,2010-12-16,3,4306.92,United Kingdom
12968,2011-08-19,2011-08-19,1,135.95,United Kingdom
12969,2010-04-16,2010-04-16,1,122.45,United Kingdom
12970,2009-12-04,2011-12-02,10,1523.91,United Kingdom
12971,2009-12-15,2011-12-06,116,15972.79,United Kingdom
12972,2010-02-16,2010-10-22,4,1161.2,United Kingdom
12973,2010-10-22,2010-10-22,1,385.55,United Kingdom
12974,2010-05-23,2011-05-26,2,408.95,United Kingdom
12975,2009-12-06,2010-09-29,6,2100.09,United Kingdom
12976,2010-02-12,2011-05-12,8,3156.38,United Kingdom
12977,2010-07-16,2011-07-06,4,517.63,United Kingdom
12978,2009-12-10,2010-11-19,5,2502.82,United Kingdom
12979,2009-12-10,2009-12-10,1,517.7,United Arab Emirates
12980,2009-12-02,2011-07-05,21,16245.78,United Kingdom
12981,2011-07-29,2011-11-10,2,372.22,United Kingdom
12982,2010-04-12,2011-04-11,8,2744.81,United Kingdom
12983,2010-04-20,2010-04-20,1,490.08,United Kingdom
12984,2011-11-21,2011-11-21,1,97.5,United Kingdom
12985,2011-11-11,2011-12-09,2,1239.38,United Kingdom
12986,2010-01-21,2010-10-07,10,2729.84,United Kingdom
12987,2010-01-20,2011-09-27,5,1312.21,United Kingdom
12988,2011-02-20,2011-02-20,1,535.32,United Kingdom
12989,2009-12-10,2011-12-06,33,13551.75,United Kingdom
12990,2010-03-30,2011-11-08,7,955.5,United Kingdom
12991,2010-11-15,2011-11-16,3,764.82,United Kingdom
12992,2009-12-14,2009-12-14,1,93.35,United Kingdom
12993,2010-02-18,2011-11-16,8,1259.63,United Kingdom
12994,2011-03-16,2011-12-05,3,974.42,United Kingdom
12995,2011-09-15,2011-09-15,1,211.32,United Kingdom
12996,2010-11-29,2010-11-29,1,355.5,United Kingdom
12997,2010-04-06,2011-11-17,8,2110.91,United Kingdom
12998,2010-02-24,2010-08-04,3,920.08,United Kingdom
12999,2011-04-08,2011-05-27,3,455.88,United Kingdom
13000,2009-12-14,2011-08-25,4,1032.5,United Kingdom
13001,2009-12-03,2011-12-05,33,24172.1,United Kingdom
13002,2010-10-01,2011-01-25,3,414.13,United Kingdom
13003,2011-05-09,2011-08-26,3,149.05,United Kingdom
13004,2009-12-15,2011-11-28,36,11650.85,United Kingdom
13005,2010-09-08,2011-06-19,4,999.68,United Kingdom
13006,2011-10-14,2011-10-14,1,81.57,United Kingdom
13007,2010-05-09,2010-05-09,1,175.25,United Kingdom
13008,2009-12-16,2011-01-20,3,612.13,United Kingdom
13009,2010-02-05,2010-02-05,1,234.0,United Kingdom
13010,2010-03-01,2010-11-30,2,330.12,United Kingdom
13011,2010-12-02,2010-12-02,1,101.1,United Kingdom
13012,2010-04-26,2011-11-30,11,2972.83,United Kingdom
13013,2009-12-14,2011-12-08,29,12625.77,United Kingdom
13014,2010-10-03,2011-11-29,11,5381.08,United Kingdom
13015,2010-04-15,2011-10-17,11,6586.42,United Kingdom
13016,2011-08-08,2011-09-27,3,789.89,United Kingdom
13017,2011-12-02,2011-12-02,1,204.0,United Kingdom
13018,2010-03-01,2011-11-23,35,9763.16,United Kingdom
13019,2009-12-06,2010-11-25,6,1229.95,United Kingdom
13020,2010-02-18,2010-05-26,2,618.96,United Kingdom
13021,2009-12-05,2011-12-05,17,4887.24,United Kingdom
13022,2010-10-06,2010-10-06,1,50.3,Belgium
13023,2010-06-29,2011-10-06,3,1251.03,United Kingdom
13024,2010-05-06,2010-08-26,2,555.87,United Kingdom
13025,2009-12-08,2009-12-08,1,323.39,United Kingdom
13026,2009-12-13,2011-12-08,9,1733.08,United Kingdom
13027,2010-01-20,2011-08-18,19,17335.2,United Kingdom
13028,2011-10-25,2011-11-17,2,661.32,United Kingdom
13029,2010-07-04,2011-11-09,5,1927.3,United Kingdom
13030,2010-12-06,2011-11-28,2,1227.22,United Kingdom
13031,2010-06-03,2010-10-28,5,3419.27,United Kingdom
13032,2010-09-05,2011-10-18,9,2843.55,United Kingdom
13033,2010-10-06,2010-12-17,2,220.55,United Kingdom
13034,2010-11-03,2011-10-16,3,922.68,United Kingdom
13035,2010-10-04,2011-09-27,3,1364.2,United Kingdom
13036,2010-01-24,2010-01-24,1,307.1,United Kingdom
13037,2009-12-03,2011-07-24,12,3914.95,United Kingdom
13038,2011-02-22,2011-09-20,3,908.46,United Kingdom
13039,2009-12-17,2010-05-04,4,1010.73,United Kingdom
13040,2011-11-06,2011-12-01,2,676.99,United Kingdom
13041,2010-04-29,2010-09-15,4,799.13,United Kingdom
13042,2009-12-07,2010-04-20,3,1556.54,United Kingdom
13043,2011-03-11,2011-03-11,1,516.42,United Kingdom
13044,2010-01-08,2011-02-21,11,4853.9,United Kingdom
13045,2010-08-10,2011-09-01,3,808.92,United Kingdom
13046,2010-09-09,2011-11-09,3,949.25,United Kingdom
13047,2009-12-16,2011-10-14,23,8790.21,United Kingdom
13048,2010-01-27,2011-11-25,9,4084.21,United Kingdom
13049,2010-11-03,2011-10-06,4,1408.24,United Kingdom
13050,2009-12-15,2011-11-25,34,12235.3,United Kingdom
13051,2010-03-30,2010-05-10,2,155.8,United Kingdom
13052,2010-02-23,2011-05-11,7,3167.68,United Kingdom
13053,2010-03-28,2010-03-28,1,127.65,United Kingdom
13055,2010-10-06,2011-09-22,4,2321.11,United Kingdom
13056,2010-06-06,2010-06-06,1,209.48,United Kingdom
13057,2010-03-18,2010-06-27,3,722.09,United Kingdom
13058,2011-07-11,2011-11-15,3,271.4,United Kingdom
13059,2010-03-31,2011-04-04,10,2303.17,United Kingdom
13060,2011-03-31,2011-03-31,1,307.53,United Kingdom
13061,2011-09-28,2011-09-28,1,248.61,United Kingdom
13062,2011-06-01,2011-06-01,1,346.98,United Kingdom
13063,2010-08-16,2010-08-16,1,188.4,United Kingdom
13064,2010-04-27,2011-11-27,6,1680.74,United Kingdom
13065,2010-06-10,2010-12-01,5,1260.91,United Kingdom
13066,2011-11-07,2011-11-15,2,470.8,United Kingdom
13067,2010-09-19,2011-09-18,3,508.51,United Kingdom
13068,2011-01-24,2011-11-29,2,344.0,United Kingdom
13069,2010-06-14,2011-12-09,38,9683.13,United Kingdom
13070,2009-12-07,2011-05-31,4,751.7,United Kingdom
13071,2010-04-06,2010-04-06,1,129.22,United Kingdom
13072,2011-03-18,2011-03-18,1,177.15,United Kingdom
13073,2010-09-28,2010-10-24,2,418.08,United Kingdom
13074,2009-12-16,2010-07-16,4,1378.74,United Kingdom
13075,2011-08-02,2011-08-02,1,919.61,United Kingdom
13076,2010-09-08,2010-09-08,1,135.4,United Kingdom
13077,2009-12-11,2011-12-08,11,3064.67,United Kingdom
13078,2009-12-01,2011-12-06,57,29532.45,United Kingdom
13079,2010-10-18,2011-12-05,6,419.18,United Kingdom
13080,2010-04-09,2011-06-13,4,280.73,United Kingdom
13081,2009-12-08,2011-11-28,28,59205.15,United Kingdom
13082,2009-12-22,2011-08-05,21,7335.75,United Kingdom
13083,2010-10-10,2011-12-05,3,395.43,United Kingdom
13084,2010-08-05,2010-08-05,1,122.4,United Kingdom
13085,2009-12-01,2011-07-05,8,2433.28,United Kingdom
13086,2010-11-22,2010-11-22,1,439.33,United Kingdom
13087,2009-12-13,2009-12-13,1,313.64,United Kingdom
13088,2010-10-18,2010-10-18,1,236.11,United Kingdom
13089,2009-12-02,2011-12-07,203,116737.86,United Kingdom
13090,2010-08-02,2011-12-01,23,14073.09,United Kingdom
13091,2009-12-10,2011-11-11,2,1108.8,United Kingdom
13092,2010-02-10,2011-09-30,12,2140.28,United Kingdom
13093,2009-12-04,2011-03-09,55,54943.65,United Kingdom
13094,2010-11-15,2011-11-18,13,2433.12,United Kingdom
13095,2011-09-30,2011-09-30,1,74.4,United Kingdom
13096,2010-11-10,2010-11-10,1,419.7,United Kingdom
13097,2009-12-01,2011-11-07,27,13080.48,United Kingdom
13098,2011-01-26,2011-12-08,28,28882.44,United Kingdom
13099,2011-09-01,2011-09-01,1,207.36,United Kingdom
13101,2010-01-27,2011-04-19,4,695.4,United Kingdom
13102,2010-05-06,2011-12-08,37,11696.92,United Kingdom
13103,2010-05-11,2011-10-31,3,709.64,United Kingdom
13104,2010-02-24,2011-12-06,9,1709.1,United Kingdom
13105,2010-09-29,2010-09-29,1,72.0,United Kingdom
13106,2010-10-22,2011-07-29,2,603.46,United Kingdom
13107,2010-02-04,2011-10-26,9,5253.07,United Kingdom
13108,2010-09-30,2010-12-02,2,1098.52,United Kingdom
13109,2010-06-06,2011-10-11,3,1134.03,United Kingdom
13110,2009-12-01,2011-11-08,12,2957.47,United Kingdom
13111,2009-12-21,2009-12-21,1,321.88,United Kingdom
13112,2010-06-16,2010-06-16,1,20.6,United Kingdom
13113,2010-03-28,2011-12-09,37,18625.73,United Kingdom
13114,2009-12-09,2009-12-09,1,234.38,United Kingdom
13115,2010-04-19,2011-11-28,10,5494.7,United Kingdom
13116,2011-07-24,2011-07-24,1,501.14,United Kingdom
13117,2010-03-26,2011-11-18,18,2643.81,United Kingdom
13118,2010-09-26,2011-11-20,9,2415.41,United Kingdom
13119,2010-02-09,2010-02-09,1,134.9,United Kingdom
13120,2011-04-15,2011-04-15,1,30.6,United Kingdom
13121,2011-03-15,2011-03-15,1,283.73,United Kingdom
13122,2011-04-13,2011-09-06,2,922.39,United Kingdom
13123,2010-06-28,2010-08-24,2,506.75,United Kingdom
13124,2010-11-19,2011-09-11,4,4782.45,United Kingdom
13125,2010-07-04,2010-07-04,1,158.57,United Kingdom
13126,2010-03-02,2011-12-05,13,3998.25,United Kingdom
13127,2011-09-23,2011-09-23,1,259.17,United Kingdom
13128,2010-03-18,2010-03-18,1,263.5,United Kingdom
13129,2010-06-28,2010-09-13,2,233.25,United Kingdom
13130,2011-09-06,2011-09-06,1,64.0,United Kingdom
13131,2010-02-09,2011-11-16,7,3313.77,United Kingdom
13132,2011-03-23,2011-03-23,1,77.3,United Kingdom
13133,2010-09-06,2011-03-11,3,200.45,United Kingdom
13134,2010-10-19,2011-09-15,6,2475.23,United Kingdom
13135,2010-08-05,2011-05-27,2,3371.45,United Kingdom
13136,2009-12-08,2011-10-14,13,6274.56,United Kingdom
13137,2010-07-25,2011-11-29,16,7712.7,United Kingdom
13138,2010-11-08,2011-11-17,7,1467.24,United Kingdom
13139,2010-09-28,2011-11-23,8,8202.98,United Kingdom
13140,2010-08-05,2011-08-23,5,1215.68,United Kingdom
13141,2009-12-09,2011-09-16,17,7668.58,United Kingdom
13142,2011-11-20,2011-11-20,1,307.09,United Kingdom
13143,2010-05-04,2010-05-04,1,405.1,United Kingdom
13144,2010-10-04,2011-01-11,2,135.35,United Kingdom
13145,2010-04-19,2011-10-31,7,1423.52,United Kingdom
13146,2011-11-13,2011-11-13,1,228.91,United Kingdom
13147,2011-09-01,2011-11-29,4,712.8,United Kingdom
13148,2009-12-07,2011-11-10,26,8612.31,United Kingdom
13149,2011-02-23,2011-11-25,4,1676.06,United Kingdom
13150,2010-03-19,2010-08-12,3,449.97,United Kingdom
13151,2010-03-22,2011-02-17,3,2570.24,United Kingdom
13152,2010-01-14,2010-10-18,7,2146.38,United Kingdom
13153,2011-12-04,2011-12-04,1,486.22,United Kingdom
13154,2009-12-04,2010-11-05,3,1624.84,United Kingdom
13155,2010-08-05,2011-11-06,6,1750.18,United Kingdom
13156,2010-02-01,2010-11-19,3,1586.54,United Kingdom
13157,2010-03-08,2011-10-21,9,5687.36,United Kingdom
13158,2010-11-16,2011-09-06,5,1508.18,United Kingdom
13159,2011-08-16,2011-12-01,4,1437.85,United Kingdom
13160,2011-11-17,2011-11-17,1,91.8,United Kingdom
13161,2010-07-27,2011-01-30,2,478.88,United Kingdom
13162,2009-12-04,2011-08-09,16,9275.49,United Kingdom
13163,2010-04-08,2010-04-08,1,17.65,United Kingdom
13164,2010-02-10,2010-05-19,2,372.2,United Kingdom
13165,2010-10-22,2011-10-24,3,1451.16,United Kingdom
13166,2010-10-21,2011-03-01,2,884.18,United Kingdom
13167,2010-11-14,2011-11-21,5,1113.15,United Kingdom
13168,2010-06-15,2011-11-03,5,1875.31,United Kingdom
13169,2010-05-26,2011-10-07,3,840.08,United Kingdom
13170,2011-11-13,2011-11-13,1,116.01,United Kingdom
13171,2011-02-13,2011-11-18,3,468.41,United Kingdom
13172,2010-11-04,2010-11-04,1,69.6,United Kingdom
13173,2009-12-10,2011-12-05,11,2629.35,United Kingdom
13174,2009-12-04,2011-11-23,11,9471.94,United Kingdom
13175,2009-12-04,2010-05-06,2,831.45,United Kingdom
13176,2011-10-24,2011-10-24,1,492.84,United Kingdom
13177,2010-10-05,2011-10-06,2,512.2,United Kingdom
13178,2009-12-16,2011-11-13,21,14059.19,United Kingdom
13179,2010-03-31,2010-03-31,1,572.31,United Kingdom
13180,2010-04-11,2010-04-11,1,86.1,United Kingdom
13181,2010-11-23,2010-11-23,1,359.69,United Kingdom
13182,2011-10-25,2011-10-25,1,121.18,United Kingdom
13183,2010-03-14,2011-12-02,15,7036.18,United Kingdom
13184,2011-02-22,2011-11-25,10,1700.29,United Kingdom
13185,2011-03-17,2011-03-17,1,71.4,United Kingdom
13186,2011-08-03,2011-10-31,3,1575.89,United Kingdom
13187,2010-03-25,2011-01-06,4,348.01,United Kingdom
13188,2011-11-28,2011-11-28,1,114.6,United Kingdom
13189,2011-08-16,2011-11-21,2,260.68,United Kingdom
13190,2009-12-07,2010-06-13,3,570.66,United Kingdom
13191,2010-02-19,2010-02-19,1,159.21,United Kingdom
13192,2010-01-22,2011-09-05,6,2558.58,United Kingdom
13193,2011-10-09,2011-10-09,1,117.88,United Kingdom
13194,2010-10-14,2011-07-27,2,472.78,United Kingdom
13195,2010-10-21,2010-10-21,1,172.38,United Kingdom
13196,2010-04-01,2011-11-28,7,3068.84,United Kingdom
13197,2010-04-09,2010-04-09,1,373.01,United Kingdom
13198,2010-10-01,2011-11-29,8,4974.23,United Kingdom
13199,2009-12-05,2011-12-06,66,16417.89,United Kingdom
13200,2011-08-05,2011-11-20,4,870.09,United Kingdom
13201,2010-03-07,2010-07-25,4,1240.61,United Kingdom
13202,2009-12-09,2010-11-10,7,1580.3,United Kingdom
13203,2009-12-17,2011-11-30,10,2648.25,United Kingdom
13204,2009-12-08,2009-12-08,1,966.66,United Kingdom
13205,2010-09-22,2010-09-22,1,2803.2,United Kingdom
13206,2009-12-07,2010-11-04,13,8377.32,United Kingdom
13207,2010-04-06,2011-11-24,4,535.86,United Kingdom
13208,2009-12-03,2011-10-11,8,1964.02,United Kingdom
13209,2010-01-24,2011-11-09,13,8509.51,United Kingdom
13210,2011-09-07,2011-09-07,1,353.48,United Kingdom
13211,2009-12-06,2011-11-29,10,2729.32,United Kingdom
13212,2011-10-09,2011-11-20,3,788.08,United Kingdom
13213,2010-05-20,2011-10-14,11,3851.52,United Kingdom
13214,2010-03-03,2010-10-18,7,3264.23,United Kingdom
13215,2010-11-02,2010-11-02,1,81.6,United Kingdom
13216,2011-03-17,2011-03-17,1,333.74,United Kingdom
13217,2010-02-22,2011-08-09,4,666.48,United Kingdom
13218,2011-08-04,2011-08-04,1,62.64,United Kingdom
13219,2010-03-31,2010-03-31,1,76.23,United Kingdom
13220,2010-05-13,2011-09-22,5,1336.09,United Kingdom
13221,2010-12-15,2011-04-13,2,844.86,United Kingdom
13222,2010-05-11,2010-05-11,1,88.5,United Kingdom
13223,2010-02-12,2011-05-23,6,969.12,United Kingdom
13224,2011-07-11,2011-10-10,2,2152.95,United Kingdom
13225,2009-12-17,2011-12-06,16,16260.07,United Kingdom
13226,2010-11-11,2011-03-11,2,312.46,United Kingdom
13227,2011-05-22,2011-05-22,1,257.7,United Kingdom
13228,2011-09-19,2011-09-19,1,358.0,United Kingdom
13229,2011-04-28,2011-04-28,1,160.95,United Kingdom
13230,2010-03-18,2011-12-05,30,6350.28,United Kingdom
13232,2011-04-10,2011-11-27,7,1357.0,United Kingdom
13233,2010-01-14,2011-09-26,4,1176.46,United Kingdom
13234,2009-12-07,2010-02-05,2,356.95,United Kingdom
13235,2011-05-11,2011-05-11,1,1031.07,United Kingdom
13236,2011-08-25,2011-11-15,2,744.85,United Kingdom
13237,2010-11-17,2010-11-17,1,643.0,United Kingdom
13238,2010-04-28,2011-11-22,6,1006.63,United Kingdom
13239,2010-07-25,2011-03-23,5,1594.69,United Kingdom
13240,2010-02-25,2011-09-04,8,1718.12,United Kingdom
13241,2010-10-24,2010-10-24,1,115.58,United Kingdom
13242,2010-02-09,2011-08-19,7,699.4,United Kingdom
13243,2010-03-18,2011-05-20,5,1278.04,United Kingdom
13244,2011-09-08,2011-09-08,1,121.74,United Kingdom
13245,2010-10-03,2011-10-20,2,989.22,United Kingdom
13246,2010-07-02,2011-11-21,11,3387.43,United Kingdom
13247,2011-09-18,2011-11-22,4,501.12,United Kingdom
13248,2011-06-03,2011-08-07,2,465.68,United Kingdom
13249,2010-01-24,2011-09-08,9,1608.93,United Kingdom
13250,2010-07-25,2010-09-05,2,256.04,United Kingdom
13251,2010-11-02,2010-11-02,1,252.68,United Kingdom
13252,2010-03-24,2010-11-10,2,399.3,United Kingdom
13253,2010-01-05,2011-07-06,4,2951.11,United Kingdom
13254,2010-11-28,2010-11-28,1,51.41,United Kingdom
13255,2010-07-15,2011-11-30,3,904.46,United Kingdom
13257,2010-09-29,2010-09-29,1,149.75,United Kingdom
13258,2010-11-04,2011-11-28,5,1035.18,United Kingdom
13259,2010-01-10,2011-10-09,9,1429.63,United Kingdom
13260,2011-10-09,2011-10-09,1,557.62,United Kingdom
13261,2011-02-27,2011-03-16,2,944.1,United Kingdom
13262,2010-04-18,2011-03-21,3,573.45,United Kingdom
13263,2010-10-22,2011-12-08,38,8679.47,United Kingdom
13264,2010-09-23,2010-09-23,1,722.56,United Kingdom
13265,2011-03-11,2011-10-17,5,2107.66,United Kingdom
13266,2009-12-17,2011-11-28,19,6135.04,United Kingdom
13267,2009-12-07,2011-12-07,36,9758.26,United Kingdom
13268,2011-03-17,2011-11-22,10,3192.65,United Kingdom
13269,2009-12-02,2011-12-08,28,8891.7,United Kingdom
13270,2010-12-08,2010-12-08,1,1180.0,United Kingdom
13271,2011-11-02,2011-11-02,1,217.38,United Kingdom
13272,2011-09-11,2011-11-08,2,276.56,United Kingdom
13273,2011-08-18,2011-08-18,1,138.98,United Kingdom
13274,2010-10-26,2010-10-26,1,360.85,United Kingdom
13275,2010-03-17,2010-11-21,2,241.66,United Kingdom
13276,2010-03-07,2011-10-07,5,1939.26,United Kingdom
13277,2010-06-18,2011-11-24,7,523.3,United Kingdom
13278,2010-04-08,2011-10-30,4,1425.35,United Kingdom
13279,2011-09-22,2011-09-22,1,137.75,United Kingdom
13280,2010-03-05,2011-08-09,7,2322.63,United Kingdom
13281,2010-09-26,2010-09-26,1,350.85,United Kingdom
13282,2010-10-29,2011-11-21,4,1313.19,United Kingdom
13283,2010-03-09,2011-10-11,4,373.36,United Kingdom
13284,2011-01-13,2011-01-13,1,201.19,United Kingdom
13285,2010-03-25,2011-11-16,6,3364.59,United Kingdom
13286,2010-04-18,2010-04-18,1,734.91,United Kingdom
13287,2010-01-04,2010-04-15,3,781.59,United Kingdom
13288,2010-02-11,2010-09-22,5,927.61,United Kingdom
13289,2009-12-16,2009-12-16,1,307.95,United Kingdom
13291,2010-02-11,2011-07-07,11,3320.84,United Kingdom
13292,2010-07-01,2011-11-01,5,994.51,United Kingdom
13293,2010-02-09,2010-11-12,6,1192.94,United Kingdom
13294,2010-03-03,2011-06-03,3,1689.53,United Kingdom
13295,2010-05-12,2010-12-15,4,1101.97,United Kingdom
13296,2010-05-11,2011-07-25,6,792.51,United Kingdom
13297,2010-06-15,2011-12-02,7,4368.62,United Kingdom
13298,2011-12-08,2011-12-08,1,360.0,United Kingdom
13299,2010-06-29,2011-03-16,3,1218.7,United Kingdom
13300,2010-05-14,2011-06-23,3,1285.51,United Kingdom
13301,2011-02-20,2011-08-28,4,600.19,United Kingdom
13302,2010-07-01,2011-07-07,2,159.2,United Kingdom
13303,2010-11-04,2010-11-04,1,61.72,United Kingdom
13304,2010-02-08,2010-12-23,4,1217.99,United Kingdom
13305,2010-03-10,2011-12-05,16,3754.71,United Kingdom
13306,2010-10-05,2010-10-05,1,53.65,United Kingdom
13307,2010-04-26,2011-08-11,3,273.34,United Kingdom
13308,2010-04-22,2011-11-17,4,1670.37,United Kingdom
13309,2010-11-12,2011-12-02,6,1706.37,United Kingdom
13310,2010-11-02,2011-11-11,5,1541.2,United Kingdom
13311,2011-07-12,2011-12-05,2,598.57,United Kingdom
13312,2010-09-14,2010-09-14,1,124.75,United Kingdom
13313,2009-12-02,2011-11-17,12,3445.32,United Kingdom
13314,2011-09-27,2011-12-08,3,775.94,United Kingdom
13315,2010-01-19,2010-01-19,1,310.26,United Kingdom
13316,2010-03-10,2011-11-02,10,13191.57,United Kingdom
13317,2009-12-13,2011-10-04,19,6486.09,United Kingdom
13318,2011-11-02,2011-12-08,3,640.76,United Kingdom
13319,2009-12-06,2011-12-04,58,22082.5,United Kingdom
13320,2010-08-18,2011-09-22,6,2228.1,United Kingdom
13321,2011-09-14,2011-09-28,2,567.36,United Kingdom
13322,2011-11-22,2011-11-22,1,199.48,United Kingdom
13323,2011-09-16,2011-12-06,5,787.85,United Kingdom
13324,2010-05-25,2011-11-03,18,10513.47,United Kingdom
13325,2011-09-19,2011-09-19,1,675.3,United Kingdom
13326,2010-10-03,2010-10-03,1,281.76,United Kingdom
13327,2009-12-18,2011-11-01,20,9879.48,United Kingdom
13328,2011-01-27,2011-01-27,1,1308.48,United Kingdom
13329,2009-12-04,2011-11-08,8,5112.97,United Kingdom
13330,2010-02-23,2011-09-08,6,2806.18,United Kingdom
13331,2010-11-03,2010-11-03,1,262.4,United Kingdom
13332,2011-11-25,2011-11-25,1,350.9,United Kingdom
13333,2010-02-19,2010-10-24,3,1015.74,United Kingdom
13334,2010-02-25,2011-09-18,5,6263.75,United Kingdom
13336,2011-09-23,2011-09-23,1,795.12,United Kingdom
13337,2010-06-11,2010-06-11,1,1575.26,United Kingdom
13338,2010-01-05,2011-07-05,4,2345.62,United Kingdom
13339,2011-05-23,2011-05-23,1,860.12,United Kingdom
13340,2010-02-22,2011-10-25,12,22100.56,United Kingdom
13341,2011-03-24,2011-03-24,1,775.85,United Kingdom
13343,2011-06-15,2011-06-15,1,303.43,United Kingdom
13344,2011-03-07,2011-10-03,3,2543.72,United Kingdom
13345,2011-02-25,2011-02-25,1,339.5,United Kingdom
13346,2010-04-22,2010-09-03,6,299.4,United Kingdom
13347,2011-09-30,2011-09-30,1,291.36,United Kingdom
13348,2011-10-06,2011-10-06,1,233.76,United Kingdom
13349,2011-11-29,2011-11-29,1,197.32,United Kingdom
13350,2011-09-21,2011-11-23,2,879.12,United Kingdom
13351,2011-10-04,2011-10-04,1,323.94,United Kingdom
13352,2011-10-10,2011-10-10,1,347.98,United Kingdom
13354,2011-09-29,2011-09-29,1,743.53,United Kingdom
13355,2011-08-09,2011-08-09,1,674.7,United Kingdom
13356,2011-09-20,2011-09-20,1,768.24,United Kingdom
13357,2010-03-22,2011-03-27,5,3817.36,United Kingdom
13358,2011-03-16,2011-03-16,1,389.03,United Kingdom
13359,2010-11-01,2011-10-07,2,943.31,United Kingdom
13360,2010-01-08,2010-10-04,4,1503.65,United Kingdom
13361,2010-04-01,2010-08-24,2,1450.5,United Kingdom
13362,2010-10-10,2011-11-30,7,5394.07,United Kingdom
13363,2010-10-26,2011-11-22,3,1623.86,United Kingdom
13364,2011-09-29,2011-09-29,1,134.96,United Kingdom
13365,2011-05-06,2011-11-06,2,2225.37,United Kingdom
13366,2011-10-20,2011-10-20,1,56.16,United Kingdom
13367,2010-10-04,2010-10-04,1,460.2,United Kingdom
13368,2010-10-12,2011-03-28,4,1021.5,United Kingdom
13369,2010-12-09,2010-12-09,1,516.56,United Kingdom
13370,2010-12-03,2010-12-03,1,1509.74,United Kingdom
13371,2010-03-17,2010-07-22,2,2297.66,United Kingdom
13372,2011-09-11,2011-09-11,1,328.64,United Kingdom
13373,2009-12-06,2011-10-10,6,7587.19,United Kingdom
13374,2010-09-16,2010-10-21,2,372.8,United Kingdom
13375,2010-09-21,2011-09-12,2,1792.23,United Kingdom
13376,2011-04-19,2011-09-01,3,869.76,United Kingdom
13377,2010-03-04,2010-11-08,2,1452.88,United Kingdom
13379,2011-07-26,2011-11-13,3,572.56,United Kingdom
13380,2010-10-03,2010-10-03,1,62.4,United Kingdom
13381,2009-12-01,2011-11-08,12,8224.37,United Kingdom
13382,2009-12-08,2011-03-04,5,1387.58,United Kingdom
13383,2010-06-14,2010-06-14,1,305.28,United Kingdom
13384,2010-07-27,2011-11-09,11,6680.83,United Kingdom
13385,2011-01-14,2011-01-14,1,534.57,United Kingdom
13386,2010-09-28,2010-10-21,2,835.46,United Kingdom
13387,2010-10-18,2010-10-18,1,184.34,United Kingdom
13388,2010-04-15,2011-07-31,3,1185.65,United Kingdom
13389,2011-04-21,2011-11-28,3,797.96,United Kingdom
13390,2011-09-26,2011-09-26,1,544.08,United Kingdom
13391,2011-05-20,2011-05-20,1,59.8,United Kingdom
13392,2010-01-31,2010-01-31,1,91.14,United Kingdom
13393,2009-12-07,2010-05-05,4,1131.45,United Kingdom
13394,2009-12-01,2011-12-08,19,6621.7,United Kingdom
13395,2010-10-14,2011-06-07,3,1180.23,United Kingdom
13396,2011-01-24,2011-11-10,2,1360.99,United Kingdom
13397,2010-01-20,2011-09-28,10,3191.87,United Kingdom
13398,2010-09-17,2011-05-31,2,670.34,United Kingdom
13399,2010-07-08,2010-09-01,3,275.4,United Kingdom
13400,2010-05-06,2010-05-06,1,310.83,United Kingdom
13402,2010-05-24,2011-08-04,4,1535.13,United Kingdom
13403,2009-12-16,2011-11-22,3,229.5,United Kingdom
13404,2011-05-11,2011-12-08,2,252.49,United Kingdom
13405,2009-12-15,2011-05-19,5,1198.81,United Kingdom
13406,2010-03-18,2010-10-08,2,568.92,United Kingdom
13407,2010-02-16,2010-05-10,3,2244.7,United Kingdom
13408,2009-12-04,2011-12-08,106,51733.46,United Kingdom
13410,2009-12-08,2011-11-15,9,2201.96,United Kingdom
13411,2011-08-24,2011-08-24,1,213.55,United Kingdom
13412,2010-03-29,2010-03-29,1,487.35,United Kingdom
13413,2010-01-21,2010-03-10,6,429.44,United Kingdom
13414,2010-04-15,2011-07-29,6,2494.14,United Kingdom
13415,2009-12-11,2010-08-24,4,800.67,United Kingdom
13416,2009-12-03,2011-10-27,3,940.8,United Kingdom
13417,2010-02-08,2011-12-05,6,1669.49,United Kingdom
13418,2009-12-11,2011-11-28,31,12233.6,United Kingdom
13419,2011-10-07,2011-10-07,1,221.06,United Kingdom
13420,2011-06-22,2011-07-13,2,159.85,United Kingdom
13421,2010-02-14,2011-10-30,8,4092.62,United Kingdom
13422,2011-10-06,2011-10-06,1,2626.3,United Kingdom
13423,2010-10-07,2010-10-07,1,217.03,United Kingdom
13424,2010-09-16,2010-09-16,1,572.77,United Kingdom
13425,2010-05-09,2011-08-23,5,3403.63,United Kingdom
13426,2009-12-09,2011-12-09,22,8167.38,United Kingdom
13427,2009-12-17,2011-11-20,6,1006.53,United Kingdom
13428,2010-07-13,2011-11-29,3,499.98,United Kingdom
13429,2011-09-25,2011-11-29,4,1006.8,United Kingdom
13430,2011-09-14,2011-11-21,2,679.45,United Kingdom
13431,2010-02-18,2011-10-03,8,3316.24,United Kingdom
13432,2010-04-06,2010-05-17,2,436.55,United Kingdom
13433,2010-01-12,2010-07-26,4,658.32,United Kingdom
13434,2010-02-22,2011-09-26,5,1666.86,United Kingdom
13435,2010-07-27,2011-12-04,9,4475.23,United Kingdom
13436,2011-12-08,2011-12-08,1,196.89,United Kingdom
13437,2011-06-02,2011-11-25,7,3408.06,United Kingdom
13438,2010-06-10,2010-06-10,1,46.5,United Kingdom
13439,2010-07-01,2011-03-29,3,986.61,United Kingdom
13440,2010-09-14,2010-10-12,7,1295.25,United Kingdom
13441,2010-10-04,2011-09-09,2,720.9,United Kingdom
13442,2009-12-01,2010-02-10,3,419.87,United Kingdom
13443,2010-01-31,2010-09-17,6,1276.37,United Kingdom
13444,2010-07-21,2010-11-30,2,631.68,United Kingdom
13445,2010-03-23,2010-03-23,1,241.9,United Kingdom
13446,2010-02-14,2010-10-05,11,3881.89,United Kingdom
13447,2011-11-04,2011-11-16,3,1129.14,United Kingdom
13448,2009-12-06,2011-11-23,12,8881.16,United Kingdom
13449,2011-11-16,2011-11-16,1,291.88,United Kingdom
13450,2010-04-15,2011-11-13,13,4120.04,United Kingdom
13451,2010-03-21,2011-11-13,11,7189.78,United Kingdom
13452,2010-08-24,2011-03-25,3,729.8,United Kingdom
13453,2010-11-02,2011-06-27,3,781.69,United Kingdom
13454,2010-03-08,2010-03-08,1,219.87,United Kingdom
13455,2009-12-09,2011-11-15,6,2905.93,United Kingdom
13456,2011-05-16,2011-11-22,6,1766.72,United Kingdom
13457,2009-12-02,2010-01-20,2,148.22,United Kingdom
13458,2010-11-16,2011-12-02,16,11959.27,United Kingdom
13459,2010-01-26,2010-03-25,2,1160.41,United Kingdom
13460,2011-10-21,2011-11-10,2,183.44,United Kingdom
13461,2010-04-21,2011-11-01,6,4160.0,United Kingdom
13462,2009-12-14,2011-04-01,5,1153.85,United Kingdom
13464,2010-03-31,2011-10-12,6,3097.64,United Kingdom
13465,2010-05-02,2010-09-19,2,931.12,United Kingdom
13466,2010-03-21,2011-06-08,5,1013.35,United Kingdom
13467,2011-11-03,2011-11-29,2,1083.71,United Kingdom
13468,2009-12-03,2011-12-08,72,13390.51,United Kingdom
13469,2010-02-24,2010-02-24,1,82.4,United Kingdom
13470,2011-08-16,2011-09-01,2,165.0,United Kingdom
13471,2011-10-23,2011-12-08,4,2531.58,United Kingdom
13472,2010-06-02,2010-09-02,2,592.24,United Kingdom
13473,2009-12-15,2011-10-10,8,2657.76,United Kingdom
13474,2010-08-01,2011-04-17,3,663.79,United Kingdom
13475,2011-02-14,2011-06-01,4,1431.78,United Kingdom
13476,2010-03-05,2011-06-14,5,2061.47,United Kingdom
13477,2010-01-25,2011-11-02,11,2834.17,United Kingdom
13478,2010-01-31,2010-08-27,5,2215.78,United Kingdom
13479,2010-08-19,2011-05-23,4,851.37,United Kingdom
13480,2010-01-29,2010-10-19,2,627.82,United Kingdom
13481,2009-12-04,2011-10-25,11,3830.84,United Kingdom
13482,2010-03-22,2011-04-21,2,336.09,United Kingdom
13483,2011-10-05,2011-10-05,1,140.34,United Kingdom
13484,2010-03-10,2011-04-12,3,790.72,United Kingdom
13485,2009-12-03,2011-04-20,11,3015.22,United Kingdom
13486,2011-07-07,2011-09-22,3,1122.41,United Kingdom
13487,2009-12-05,2011-10-13,5,846.87,United Kingdom
13488,2010-01-25,2011-11-22,23,15587.88,United Kingdom
13489,2011-02-18,2011-08-26,4,449.52,United Kingdom
13490,2010-02-23,2010-02-23,1,154.25,United Kingdom
13491,2009-12-07,2011-10-19,27,4566.56,United Kingdom
13492,2011-05-09,2011-07-26,3,1269.84,Switzerland
13493,2011-02-25,2011-03-09,2,498.63,Switzerland
13494,2011-02-01,2011-02-01,1,316.26,United Kingdom
13495,2009-12-07,2011-12-02,10,5374.26,United Kingdom
13496,2010-12-15,2011-11-29,2,653.33,United Kingdom
13497,2010-02-08,2011-03-02,6,1320.33,United Kingdom
13498,2009-12-09,2009-12-09,1,327.38,United Kingdom
13499,2011-03-15,2011-11-22,5,1159.11,United Kingdom
13500,2010-11-03,2011-11-16,4,1466.3,United Kingdom
13501,2010-05-18,2011-02-24,3,2885.11,Switzerland
13502,2010-06-09,2011-11-23,5,780.5,United Kingdom
13503,2010-02-16,2011-09-29,5,1824.19,United Kingdom
13504,2011-10-06,2011-10-06,1,295.93,United Kingdom
13505,2011-04-21,2011-09-28,4,3633.63,Switzerland
13506,2010-09-05,2011-01-27,5,1639.2,United Kingdom
13507,2011-07-17,2011-12-06,4,2479.16,United Kingdom
13508,2010-03-07,2011-04-10,2,287.05,United Kingdom
13509,2010-07-20,2011-12-01,7,1099.72,United Kingdom
13510,2009-12-21,2011-12-08,11,4558.29,United Kingdom
13511,2010-02-01,2010-02-01,1,282.76,United Kingdom
13512,2010-05-05,2011-03-24,4,713.39,United Kingdom
13513,2010-02-22,2011-08-05,3,824.59,United Kingdom
13514,2010-01-26,2011-09-27,4,815.9,United Kingdom
13515,2010-03-05,2011-09-28,6,1265.82,United Kingdom
13516,2010-10-18,2011-11-18,4,1685.26,United Kingdom
13517,2011-06-13,2011-10-11,3,2128.42,United Kingdom
13518,2011-09-15,2011-09-15,1,659.44,United Kingdom
13519,2010-09-23,2011-09-22,2,343.21,United Kingdom
13520,2009-12-17,2011-10-12,11,5669.4,Switzerland
13521,2011-11-29,2011-12-08,3,1092.39,United Kingdom
13522,2011-11-09,2011-11-09,1,125.8,United Kingdom
13523,2010-11-02,2011-11-06,6,5101.52,United Kingdom
13524,2011-05-04,2011-10-30,5,680.18,United Kingdom
13525,2011-04-05,2011-11-25,2,628.78,United Kingdom
13526,2009-12-01,2009-12-01,2,1182.0,United Kingdom
13527,2010-01-21,2011-11-06,12,4683.74,United Kingdom
13529,2011-05-19,2011-09-22,2,307.76,United Kingdom
13530,2010-03-15,2010-03-15,1,402.98,United Kingdom
13531,2009-12-03,2011-05-18,6,1738.52,United Kingdom
13532,2011-11-06,2011-11-06,1,210.31,United Kingdom
13533,2011-03-17,2011-06-10,3,270.79,United Kingdom
13534,2010-07-07,2011-12-07,35,7720.9,United Kingdom
13535,2010-11-02,2010-11-02,1,89.5,United Kingdom
13536,2011-09-25,2011-12-08,7,3448.29,United Kingdom
13537,2010-09-14,2010-10-10,2,717.85,United Kingdom
13538,2010-02-02,2011-10-27,12,3112.73,United Kingdom
13539,2010-04-28,2011-09-15,7,1569.36,United Kingdom
13540,2010-02-22,2010-08-29,3,632.39,United Kingdom
13541,2010-05-18,2010-10-08,2,785.25,United Kingdom
13542,2009-12-10,2010-11-28,17,4006.17,United Kingdom
13543,2010-01-21,2010-03-15,2,1439.61,United Kingdom
13544,2010-03-05,2011-10-31,6,829.0,United Kingdom
13545,2010-06-13,2010-11-14,2,374.64,United Kingdom
13546,2010-10-11,2011-11-27,5,1092.14,United Kingdom
13547,2010-10-27,2010-10-27,1,172.98,United Kingdom
13548,2010-08-25,2011-09-04,3,908.99,United Kingdom
13549,2010-11-17,2011-11-14,8,1005.8,United Kingdom
13550,2010-11-21,2010-11-21,1,349.51,United Kingdom
13551,2010-02-11,2011-01-24,2,244.2,United Kingdom
13552,2010-02-19,2011-10-04,22,6978.92,United Kingdom
13553,2010-02-03,2010-02-03,1,517.8,United Kingdom
13554,2010-09-19,2010-11-24,7,1638.28,United Kingdom
13555,2010-01-19,2011-09-27,13,8999.19,United Kingdom
13556,2010-09-30,2010-10-06,2,200.82,United Kingdom
13557,2009-12-08,2011-11-11,13,3032.26,United Kingdom
13558,2011-10-02,2011-12-04,4,605.06,United Kingdom
13559,2010-06-14,2010-07-15,2,990.0,United Kingdom
13560,2011-12-02,2011-12-02,1,174.37,United Kingdom
13561,2010-02-28,2011-05-08,11,1820.72,United Kingdom
13562,2010-01-14,2011-09-19,8,4838.18,United Kingdom
13563,2011-07-22,2011-09-16,2,777.53,United Kingdom
13564,2009-12-02,2010-12-20,36,16630.8,United Kingdom
13565,2010-10-24,2011-11-20,3,414.8,United Kingdom
13566,2010-03-10,2011-10-30,5,1704.27,United Kingdom
13567,2010-06-16,2010-10-07,4,1083.69,United Kingdom
13568,2011-06-19,2011-06-19,1,192.85,United Kingdom
13569,2010-10-07,2011-11-22,4,892.28,United Kingdom
13570,2011-04-10,2011-04-10,1,239.49,United Kingdom
13571,2009-12-08,2011-11-27,26,4546.54,United Kingdom
13572,2011-05-18,2011-05-18,1,1384.25,United Kingdom
13573,2010-03-12,2011-10-20,6,915.02,United Kingdom
13574,2010-10-24,2010-10-24,1,421.25,United Kingdom
13575,2011-06-16,2011-11-16,5,732.07,United Kingdom
13576,2009-12-08,2011-11-29,28,11551.74,United Kingdom
13577,2009-12-14,2011-11-14,11,3484.28,United Kingdom
13578,2010-10-26,2010-10-26,1,147.66,United Kingdom
13579,2010-02-18,2011-11-25,5,1539.04,United Kingdom
13580,2010-10-29,2010-10-29,1,107.75,United Kingdom
13581,2010-10-21,2011-02-03,2,280.53,United Kingdom
13582,2010-04-01,2010-11-15,2,241.68,United Kingdom
13583,2010-01-29,2011-07-07,2,1445.03,United Kingdom
13584,2010-02-02,2011-02-06,3,392.45,United Kingdom
13585,2009-12-01,2010-06-27,3,684.54,United Kingdom
13586,2010-06-16,2010-06-16,1,131.53,United Kingdom
13587,2010-02-14,2011-10-07,4,1673.5,United Kingdom
13588,2011-03-29,2011-11-24,9,2478.95,United Kingdom
13589,2009-12-06,2011-11-25,6,1120.74,United Kingdom
13590,2009-12-01,2011-11-28,18,6349.59,United Kingdom
13591,2009-12-14,2011-10-06,7,2093.94,United Kingdom
13592,2011-03-20,2011-11-04,4,247.96,United Kingdom
13593,2010-03-02,2011-08-23,14,5523.69,United Kingdom
13594,2010-08-11,2011-10-18,2,533.32,United Kingdom
13595,2010-03-03,2010-07-11,3,818.22,United Kingdom
13596,2011-11-27,2011-12-04,2,697.04,United Kingdom
13597,2010-11-02,2010-11-04,2,396.71,United Kingdom
13598,2010-02-26,2011-10-23,5,789.59,United Kingdom
13599,2009-12-01,2011-12-08,33,10167.63,United Kingdom
13600,2010-03-15,2011-01-31,2,518.42,United Kingdom
13601,2010-06-11,2011-10-25,4,1185.14,United Kingdom
13602,2010-05-28,2011-10-06,4,1025.17,United Kingdom
13603,2011-11-13,2011-11-13,1,164.34,United Kingdom
13604,2010-02-19,2010-02-19,1,717.62,United Kingdom
13605,2010-05-17,2010-11-17,2,522.67,United Kingdom
13606,2011-02-01,2011-11-10,3,280.54,United Kingdom
13607,2010-11-02,2011-10-30,2,1078.31,United Kingdom
13608,2010-06-17,2010-06-17,1,236.2,United Kingdom
13609,2010-04-25,2010-04-25,1,167.35,United Kingdom
13610,2010-01-05,2011-11-27,14,2174.63,United Kingdom
13611,2009-12-03,2011-09-11,10,3319.53,United Kingdom
13612,2010-03-17,2010-03-17,1,818.29,United Kingdom
13613,2010-02-17,2010-09-13,5,1039.85,United Kingdom
13614,2010-06-06,2011-11-15,6,2359.19,United Kingdom
13615,2010-01-28,2011-01-25,8,6272.53,United Kingdom
13616,2010-01-17,2010-05-20,2,288.1,United Kingdom
13617,2010-08-01,2011-10-30,8,1278.75,United Kingdom
13618,2011-06-19,2011-06-19,1,177.34,United Kingdom
13619,2010-02-03,2010-06-13,2,230.19,United Kingdom
13620,2010-06-29,2010-06-29,1,112.34,United Kingdom
13621,2011-08-15,2011-08-15,1,213.85,United Kingdom
13622,2010-01-12,2010-01-12,1,658.95,United Kingdom
13623,2009-12-02,2011-11-09,10,2566.49,United Kingdom
13624,2010-11-16,2010-11-16,1,462.08,United Kingdom
13625,2010-04-22,2010-04-22,1,301.26,United Kingdom
13626,2010-11-25,2011-04-01,2,707.04,United Kingdom
13627,2010-03-09,2011-10-11,7,2245.9,United Kingdom
13628,2010-02-01,2010-02-01,1,310.14,United Kingdom
13629,2010-02-11,2011-11-16,19,13370.86,United Kingdom
13630,2011-02-27,2011-12-04,7,2031.78,United Kingdom
13631,2011-03-17,2011-09-01,11,3070.42,United Kingdom
13632,2010-04-07,2011-11-15,8,3648.15,United Kingdom
13634,2010-01-10,2011-11-06,15,5027.78,United Kingdom
13635,2009-12-01,2011-10-03,4,2999.16,United Kingdom
13636,2011-02-27,2011-11-03,5,949.12,United Kingdom
13637,2011-04-27,2011-10-18,3,809.25,United Kingdom
13638,2011-11-24,2011-11-24,1,122.64,United Kingdom
13639,2010-09-29,2011-09-26,2,1346.27,United Kingdom
13640,2010-04-07,2010-04-07,1,405.0,United Kingdom
13641,2009-12-05,2010-03-09,4,942.37,United Kingdom
13642,2010-10-03,2011-05-08,4,514.72,United Kingdom
13643,2009-12-08,2011-11-08,10,2156.77,United Kingdom
13644,2011-08-26,2011-11-23,4,2624.26,United Kingdom
13645,2011-08-11,2011-08-11,1,252.1,United Kingdom
13646,2010-11-05,2010-11-05,2,326.25,United Kingdom
13647,2010-04-15,2011-11-30,8,3071.68,United Kingdom
13648,2009-12-01,2010-11-04,8,1759.07,United Kingdom
13649,2010-06-30,2011-03-28,6,1678.88,United Kingdom
13650,2010-01-26,2011-11-23,10,3288.0,United Kingdom
13651,2010-11-23,2011-10-31,2,211.85,United Kingdom
13652,2010-02-25,2011-10-25,5,2570.85,United Kingdom
13653,2010-08-09,2010-08-09,1,152.2,United Kingdom
13654,2009-12-02,2011-10-27,11,6308.0,United Kingdom
13655,2010-04-27,2011-08-17,6,2280.51,United Kingdom
13656,2010-04-23,2011-06-28,4,1078.85,United Kingdom
13657,2011-05-22,2011-11-29,2,382.14,United Kingdom
13658,2010-02-05,2011-11-30,9,6025.5,United Kingdom
13659,2010-02-17,2011-05-18,12,4894.88,United Kingdom
13660,2010-11-04,2010-11-04,1,314.59,United Kingdom
13661,2010-04-15,2010-04-15,1,325.24,United Kingdom
13662,2010-02-19,2011-09-15,11,2250.11,United Kingdom
13663,2010-03-03,2011-06-13,5,2047.51,United Kingdom
13665,2010-07-23,2010-11-18,3,1711.66,United Kingdom
13666,2009-12-04,2011-10-10,5,127.05,United Kingdom
13667,2011-07-13,2011-07-13,1,305.02,United Kingdom
13668,2009-12-11,2011-12-07,35,13089.94,United Kingdom
13669,2010-10-28,2011-10-20,3,413.55,United Kingdom
13670,2011-09-25,2011-09-25,1,349.7,United Kingdom
13671,2010-11-10,2010-11-10,1,194.95,United Kingdom
13672,2009-12-09,2011-02-11,3,419.92,United Kingdom
13673,2011-11-07,2011-11-21,2,396.92,United Kingdom
13674,2010-10-03,2010-10-03,1,240.68,United Kingdom
13675,2011-02-28,2011-07-11,2,486.82,United Kingdom
13676,2010-03-30,2010-06-18,2,243.9,United Kingdom
13677,2010-07-07,2010-10-31,2,556.19,United Kingdom
13678,2011-07-11,2011-07-11,1,232.6,United Kingdom
13679,2009-12-04,2010-08-03,3,281.26,United Kingdom
13680,2009-12-04,2011-12-08,12,11435.67,United Kingdom
13681,2011-07-07,2011-11-22,4,827.83,United Kingdom
13682,2011-06-05,2011-06-05,1,59.5,United Kingdom
13683,2010-09-08,2010-09-08,1,258.6,United Kingdom
13684,2010-03-28,2011-02-27,4,596.98,United Kingdom
13685,2011-10-10,2011-12-07,7,3119.44,United Kingdom
13686,2010-11-03,2011-06-10,3,409.04,United Kingdom
13687,2010-09-27,2010-09-27,1,11880.84,United Kingdom
13688,2010-03-14,2010-03-14,1,375.5,United Kingdom
13689,2010-09-21,2011-10-07,2,1259.5,United Kingdom
13690,2011-10-11,2011-10-11,1,172.25,United Kingdom
13691,2010-11-08,2010-11-08,1,210.78,United Kingdom
13692,2010-10-15,2011-11-15,5,3114.4,United Kingdom
13693,2009-12-07,2010-11-30,9,2011.82,United Kingdom
13694,2009-12-04,2011-12-06,143,196482.81,United Kingdom
13695,2010-05-11,2011-11-08,16,2770.73,United Kingdom
13696,2010-02-11,2010-10-14,3,2020.4,United Kingdom
13697,2011-11-01,2011-11-01,1,151.3,United Kingdom
13698,2010-01-27,2010-04-22,2,465.53,United Kingdom
13699,2010-06-07,2011-07-07,2,764.15,United Kingdom
13700,2010-02-07,2011-11-13,13,2613.46,United Kingdom
13701,2010-09-19,2010-09-19,1,161.0,United Kingdom
13702,2010-09-20,2010-09-20,1,135.18,United Kingdom
13703,2010-10-20,2011-01-25,2,425.56,United Kingdom
13704,2011-09-12,2011-12-04,9,2308.06,United Kingdom
13705,2010-03-25,2011-12-02,7,2035.33,United Kingdom
13706,2010-03-23,2011-02-10,2,631.17,United Kingdom
13707,2010-06-21,2011-03-17,5,3365.86,United Kingdom
13708,2011-03-13,2011-03-13,1,294.88,United Kingdom
13709,2010-01-11,2011-12-06,18,7591.75,United Kingdom
13710,2010-04-06,2011-11-08,3,509.52,United Kingdom
13711,2009-12-15,2011-05-05,9,1792.26,United Kingdom
13712,2010-04-08,2011-04-07,2,766.42,United Kingdom
13713,2010-05-05,2010-10-27,3,743.26,United Kingdom
13714,2010-08-31,2010-08-31,1,161.35,United Kingdom
13715,2010-03-11,2011-03-03,17,8483.29,United Kingdom
13716,2011-03-15,2011-03-15,1,138.28,United Kingdom
13717,2010-08-11,2011-11-07,8,1763.3,United Kingdom
13718,2011-02-17,2011-04-07,2,306.55,United Kingdom
13719,2010-05-17,2011-11-24,11,2814.27,United Kingdom
13720,2011-03-30,2011-08-15,4,799.9,United Kingdom
13721,2010-11-09,2011-11-03,2,741.54,United Kingdom
13722,2010-03-03,2011-07-31,10,5635.41,United Kingdom
13723,2010-04-07,2011-05-06,6,1209.2,United Kingdom
13724,2010-03-12,2010-03-12,1,213.01,United Kingdom
13725,2011-02-04,2011-10-21,8,1980.56,United Kingdom
13726,2011-08-31,2011-11-01,2,1079.66,United Kingdom
13727,2009-12-09,2011-11-11,8,1080.05,United Kingdom
13728,2009-12-09,2011-11-03,16,2855.17,United Kingdom
13729,2010-01-24,2010-09-30,3,724.73,United Kingdom
13730,2011-07-01,2011-07-27,2,752.6,United Kingdom
13731,2011-04-07,2011-05-04,2,610.59,United Kingdom
13732,2011-11-11,2011-11-11,1,491.86,United Kingdom
13733,2009-12-04,2010-10-25,2,487.03,United Kingdom
13734,2010-04-16,2010-07-19,4,6701.64,United Kingdom
13735,2009-12-13,2011-11-15,13,9813.22,United Kingdom
13736,2009-12-06,2011-12-04,7,2766.21,United Kingdom
13737,2011-05-23,2011-05-23,1,339.6,United Kingdom
13738,2010-11-08,2010-11-08,1,440.93,United Kingdom
13739,2010-06-30,2011-11-21,2,292.2,United Kingdom
13740,2009-12-02,2011-04-13,5,1597.77,United Kingdom
13741,2011-05-06,2011-09-29,3,668.43,United Kingdom
13742,2011-01-23,2011-11-23,12,3131.02,United Kingdom
13743,2011-03-25,2011-12-07,7,1341.6,United Kingdom
13744,2011-02-20,2011-09-05,2,1156.36,United Kingdom
13745,2010-06-11,2011-06-30,2,777.36,United Kingdom
13746,2010-10-22,2010-10-22,1,176.69,United Kingdom
13747,2010-10-11,2010-12-01,2,249.4,United Kingdom
13748,2009-12-01,2011-09-05,9,2268.35,United Kingdom
13750,2010-04-01,2011-10-17,11,3602.18,United Kingdom
13751,2011-02-24,2011-02-24,1,296.25,United Kingdom
13752,2010-06-30,2011-08-07,7,1590.73,United Kingdom
13753,2009-12-03,2011-02-25,4,2094.57,United Kingdom
13754,2010-09-28,2011-07-11,3,447.05,United Kingdom
13755,2011-10-07,2011-12-06,9,2161.35,United Kingdom
13756,2009-12-15,2011-12-07,23,9207.5,United Kingdom
13757,2010-02-03,2010-02-03,1,195.55,United Kingdom
13758,2009-12-01,2011-11-28,14,9314.14,United Kingdom
13759,2011-09-29,2011-11-06,2,659.41,United Kingdom
13760,2010-04-25,2011-10-16,5,1363.64,United Kingdom
13761,2010-02-21,2011-10-20,6,1952.17,United Kingdom
13762,2010-01-10,2011-05-05,5,2472.48,United Kingdom
13763,2010-09-30,2011-10-07,3,5217.44,United Kingdom
13764,2010-03-07,2011-09-30,6,2942.31,United Kingdom
13765,2010-02-24,2010-02-24,1,352.82,United Kingdom
13766,2010-08-01,2010-08-01,1,190.35,United Kingdom
13767,2009-12-01,2011-12-07,73,35540.53,United Kingdom
13768,2009-12-09,2009-12-13,2,875.97,United Kingdom
13769,2009-12-16,2011-12-07,20,5800.42,United Kingdom
13770,2009-12-09,2010-10-13,4,785.37,United Kingdom
13771,2010-02-25,2011-10-06,9,5728.82,United Kingdom
13772,2010-02-23,2011-11-06,8,3114.22,United Kingdom
13773,2010-02-18,2010-11-08,2,301.54,United Kingdom
13774,2011-09-19,2011-09-19,1,345.0,United Kingdom
13775,2010-04-28,2010-04-28,1,1049.66,United Kingdom
13777,2009-12-02,2011-12-09,61,56478.42,United Kingdom
13778,2010-05-23,2011-08-28,4,1124.49,United Kingdom
13779,2010-07-12,2010-07-12,1,161.13,United Kingdom
13780,2010-10-28,2011-12-02,3,735.82,United Kingdom
13781,2009-12-18,2011-04-03,3,778.83,United Kingdom
13782,2009-12-06,2011-11-27,13,1793.72,United Kingdom
13783,2010-02-04,2010-08-09,4,1542.09,United Kingdom
13784,2010-09-15,2011-11-30,14,2910.23,United Kingdom
13785,2010-09-05,2010-10-07,4,542.49,United Kingdom
13786,2009-12-03,2010-12-07,6,3358.94,United Kingdom
13787,2010-01-14,2011-09-25,6,1222.5,United Kingdom
13788,2010-07-22,2010-07-22,1,3.75,United Kingdom
13789,2010-11-16,2010-11-16,1,239.46,United Kingdom
13790,2011-12-05,2011-12-05,1,348.8,United Kingdom
13791,2011-06-24,2011-08-04,2,1516.0,United Kingdom
13792,2010-10-13,2011-10-04,3,383.95,United Kingdom
13793,2010-03-03,2010-03-03,1,96.0,United Kingdom
13794,2010-06-11,2010-06-11,1,126.03,United Kingdom
13795,2010-03-12,2010-11-16,4,836.3,United Kingdom
13796,2010-07-28,2010-07-28,1,289.7,United Kingdom
13797,2010-03-02,2010-09-29,3,1179.45,United Kingdom
13798,2009-12-08,2011-12-08,110,75836.87,United Kingdom
13799,2010-03-05,2011-08-15,9,2803.57,United Kingdom
13800,2009-12-03,2011-02-03,3,1679.56,United Kingdom
13801,2011-10-04,2011-10-04,1,324.8,United Kingdom
13802,2010-02-16,2011-07-24,19,26259.11,United Kingdom
13803,2010-03-31,2011-03-29,3,1338.91,United Kingdom
13804,2010-09-29,2011-11-09,9,3208.52,United Kingdom
13805,2011-08-02,2011-10-18,2,924.6,United Kingdom
13806,2011-10-07,2011-10-07,1,256.38,United Kingdom
13807,2009-12-04,2010-12-07,3,534.8,United Kingdom
13808,2011-09-04,2011-12-04,5,1747.66,United Kingdom
13809,2010-09-05,2011-02-07,3,679.7,Cyprus
13810,2011-10-14,2011-11-11,2,827.51,Germany
13811,2011-04-14,2011-06-09,2,519.75,Germany
13812,2011-08-26,2011-10-28,3,485.0,Germany
13813,2009-12-06,2011-10-31,8,2387.47,Germany
13814,2010-06-30,2011-09-08,3,2257.32,Germany
13815,2010-02-12,2011-11-17,8,6737.74,Germany
13816,2011-10-06,2011-11-16,2,499.67,Germany
13817,2010-12-23,2011-11-10,2,328.98,Germany
13818,2010-10-06,2010-10-06,1,61.28,United Kingdom
13819,2009-12-01,2011-02-11,6,2642.35,United Kingdom
13820,2010-01-28,2010-10-17,3,660.65,United Kingdom
13821,2010-01-04,2011-07-18,6,1410.73,United Kingdom
13822,2011-10-30,2011-12-04,2,632.0,United Kingdom
13823,2009-12-15,2011-11-21,7,3403.45,United Kingdom
13824,2010-03-12,2011-11-07,12,3314.76,United Kingdom
13825,2009-12-09,2010-03-28,2,255.59,United Kingdom
13826,2011-06-16,2011-06-16,1,189.5,United Kingdom
13827,2011-07-19,2011-10-13,3,412.05,United Kingdom
13828,2011-11-17,2011-11-17,1,209.49,United Kingdom
13829,2010-10-14,2010-10-14,1,102.0,United Kingdom
13830,2010-05-07,2010-05-07,1,156.85,United Kingdom
13831,2009-12-10,2011-11-23,18,7023.58,United Kingdom
13832,2010-10-13,2011-11-20,2,613.69,United Kingdom
13833,2010-10-31,2011-07-03,2,701.36,United Kingdom
13834,2010-02-08,2010-05-12,2,324.19,United Kingdom
13835,2010-03-04,2011-11-14,7,1095.27,United Kingdom
13836,2010-10-21,2010-11-05,2,620.37,United Kingdom
13837,2011-01-26,2011-05-12,2,271.24,United Kingdom
13838,2010-05-09,2011-12-04,10,1966.09,United Kingdom
13839,2010-08-10,2010-08-10,1,139.95,United Kingdom
13840,2010-10-19,2010-10-19,1,651.4,United Kingdom
13841,2011-04-01,2011-04-01,1,85.0,United Kingdom
13842,2010-02-16,2011-10-12,18,5629.91,United Kingdom
13843,2010-11-23,2010-11-23,1,319.75,United Kingdom
13844,2011-11-28,2011-11-28,1,361.62,United Kingdom
13845,2011-10-06,2011-10-06,1,312.98,United Kingdom
13846,2010-11-05,2011-11-15,4,1307.79,United Kingdom
13847,2009-12-20,2009-12-20,1,310.72,United Kingdom
13848,2009-12-09,2011-09-08,8,3335.0,United Kingdom
13849,2010-03-25,2011-10-19,5,3469.3,United Kingdom
13850,2011-08-02,2011-08-02,1,1595.48,United Kingdom
13851,2010-01-29,2011-09-05,8,4606.46,United Kingdom
13852,2010-04-08,2010-04-08,1,187.35,United Kingdom
13853,2011-10-13,2011-10-13,1,1090.14,United Kingdom
13854,2010-01-08,2011-12-01,39,12253.96,United Kingdom
13855,2009-12-08,2010-07-27,4,1310.34,United Kingdom
13856,2010-03-30,2011-06-24,11,1142.03,United Kingdom
13857,2010-05-17,2010-11-11,6,1000.91,United Kingdom
13858,2011-10-13,2011-10-13,1,216.17,United Kingdom
13859,2010-06-28,2011-01-17,2,515.86,United Kingdom
13860,2011-09-14,2011-12-08,5,1245.9,United Kingdom
13861,2010-06-27,2010-10-06,2,273.26,United Kingdom
13862,2010-11-15,2011-11-21,9,2556.09,United Kingdom
13863,2010-04-25,2011-04-06,4,1239.55,United Kingdom
13864,2010-11-18,2010-11-18,1,662.4,United Kingdom
13865,2011-02-23,2011-10-12,4,501.56,United Kingdom
13866,2011-09-26,2011-09-26,1,145.67,United Kingdom
13867,2011-05-05,2011-11-08,3,1015.29,United Kingdom
13868,2011-11-01,2011-12-02,2,3192.54,United Kingdom
13869,2010-01-17,2011-08-08,10,8111.57,United Kingdom
13870,2010-02-08,2011-12-07,15,5712.08,United Kingdom
13871,2009-12-20,2011-11-17,17,7885.85,United Kingdom
13872,2009-12-14,2010-06-30,3,919.57,United Kingdom
13873,2010-03-03,2011-08-12,8,1038.92,United Kingdom
13874,2010-02-04,2010-12-16,7,2049.15,United Kingdom
13875,2009-12-17,2011-10-17,14,4814.37,United Kingdom
13876,2011-10-07,2011-10-07,1,122.7,United Kingdom
13877,2010-01-19,2011-09-14,3,449.68,United Kingdom
13878,2010-04-14,2011-10-16,4,2473.06,United Kingdom
13879,2010-03-04,2010-03-04,1,395.5,United Kingdom
13880,2010-05-26,2011-11-18,17,4391.66,United Kingdom
13881,2010-03-04,2011-12-06,43,45179.1,United Kingdom
13882,2011-10-06,2011-12-07,5,1191.13,United Kingdom
13883,2010-02-28,2011-11-29,14,6535.37,United Kingdom
13884,2010-08-26,2011-12-02,10,1888.48,United Kingdom
13885,2011-05-23,2011-06-03,2,506.8,United Kingdom
13886,2011-09-29,2011-09-29,1,243.56,United Kingdom
13887,2011-05-19,2011-05-19,1,349.55,United Kingdom
13888,2010-05-13,2011-08-12,7,2169.05,United Kingdom
13889,2010-01-22,2011-09-08,6,1991.23,United Kingdom
13890,2009-12-06,2011-12-08,14,2927.38,United Kingdom
13891,2010-05-06,2010-11-26,3,863.56,United Kingdom
13892,2010-05-13,2011-11-13,6,1267.65,United Kingdom
13893,2011-02-15,2011-02-15,1,821.1,United Kingdom
13894,2011-02-02,2011-11-16,3,564.62,United Kingdom
13895,2009-12-03,2011-11-11,6,4008.52,United Kingdom
13896,2010-03-24,2010-03-24,1,388.55,United Kingdom
13897,2010-01-31,2011-10-20,3,1160.72,United Kingdom
13898,2010-10-24,2011-01-18,2,686.4,United Kingdom
13899,2011-03-10,2011-11-23,2,388.52,United Kingdom
13900,2010-03-25,2011-06-09,6,1610.59,United Kingdom
13901,2010-01-05,2011-09-28,15,5676.34,United Kingdom
13902,2009-12-15,2010-03-17,5,34023.26,Denmark
13903,2010-11-04,2010-11-04,1,165.45,United Kingdom
13904,2011-02-18,2011-11-02,2,332.64,United Kingdom
13905,2009-12-07,2009-12-07,1,312.65,United Kingdom
13906,2010-10-26,2010-10-26,1,42.0,United Kingdom
13907,2010-01-17,2010-01-17,1,136.8,United Kingdom
13908,2011-03-08,2011-09-21,4,2319.55,United Kingdom
13909,2010-07-06,2010-10-12,2,286.6,United Kingdom
13911,2010-03-01,2011-10-13,20,4234.99,United Kingdom
13912,2010-10-12,2010-10-12,1,124.95,United Kingdom
13913,2010-07-21,2010-07-21,1,42.22,United Kingdom
13914,2011-11-03,2011-11-28,2,626.45,United Kingdom
13915,2010-11-10,2010-11-10,1,70.8,United Kingdom
13916,2010-02-02,2010-09-02,4,1275.81,United Kingdom
13917,2011-06-01,2011-10-21,2,272.04,United Kingdom
13918,2011-03-31,2011-10-21,2,1212.84,United Kingdom
13919,2010-06-17,2011-10-11,4,1252.68,Denmark
13920,2010-05-26,2010-10-04,4,1774.68,United Kingdom
13921,2009-12-18,2010-11-02,4,730.7,United Kingdom
13922,2010-08-29,2010-12-23,3,865.2,United Kingdom
13923,2011-10-17,2011-10-17,1,351.13,United Kingdom
13924,2011-09-28,2011-12-08,6,1838.85,United Kingdom
13925,2011-07-28,2011-09-08,4,678.25,United Kingdom
13926,2011-11-16,2011-11-16,1,223.85,United Kingdom
13927,2010-09-28,2011-09-26,2,708.26,United Kingdom
13928,2011-07-29,2011-11-29,4,464.57,United Kingdom
13929,2010-01-14,2011-06-23,11,3494.1,United Kingdom
13930,2011-07-26,2011-10-13,2,337.34,United Kingdom
13931,2009-12-03,2011-09-05,11,5257.38,United Kingdom
13932,2011-02-18,2011-02-18,1,307.4,United Kingdom
13933,2011-07-14,2011-08-22,2,608.79,United Kingdom
13934,2011-03-21,2011-03-21,1,922.1,United Kingdom
13935,2010-02-25,2010-04-22,3,6116.92,United Kingdom
13936,2010-10-21,2011-06-13,3,939.66,United Kingdom
13937,2010-11-02,2011-06-23,2,880.13,United Kingdom
13938,2011-11-04,2011-11-04,1,71.66,United Kingdom
13939,2010-04-06,2011-11-16,7,1560.96,United Kingdom
13940,2011-07-18,2011-11-22,4,839.14,United Kingdom
13941,2009-12-16,2011-11-18,15,11122.3,United Kingdom
13942,2010-06-23,2010-06-23,1,320.0,United Kingdom
13943,2010-05-11,2010-05-11,1,246.54,United Kingdom
13944,2010-02-24,2010-02-24,1,200.43,United Kingdom
13945,2010-08-17,2010-11-10,2,854.15,United Kingdom
13946,2009-12-04,2011-09-21,6,1876.23,United Kingdom
13947,2011-10-05,2011-10-05,1,90.6,United Kingdom
13948,2009-12-04,2010-12-14,4,548.76,United Kingdom
13949,2011-09-06,2011-12-07,6,2427.32,United Kingdom
13950,2011-04-07,2011-11-28,4,745.06,United Kingdom
13951,2011-02-18,2011-06-16,3,674.45,United Kingdom
13952,2009-12-16,2011-05-06,14,12823.52,United Kingdom
13953,2009-12-11,2011-12-02,12,6640.68,United Kingdom
13954,2011-09-30,2011-12-08,2,439.92,United Kingdom
13955,2010-11-29,2011-07-08,3,545.17,United Kingdom
13956,2011-03-13,2011-12-04,5,1026.42,United Kingdom
13957,2010-02-19,2010-10-18,3,458.25,United Kingdom
13958,2009-12-05,2010-11-25,8,4709.23,United Kingdom
13959,2010-07-16,2011-09-21,6,1076.18,United Kingdom
13960,2011-09-29,2011-11-18,2,230.22,United Kingdom
13961,2010-11-12,2010-11-12,1,538.4,United Kingdom
13962,2010-09-30,2011-11-18,3,362.8,United Kingdom
13963,2010-04-21,2011-02-04,17,3011.87,United Kingdom
13964,2010-10-05,2010-11-17,2,438.9,United Kingdom
13965,2010-01-05,2010-08-20,3,996.61,United Kingdom
13966,2010-09-30,2010-09-30,1,390.86,United Kingdom
13967,2010-11-08,2011-07-17,2,166.3,United Kingdom
13968,2010-10-12,2010-10-12,1,123.66,United Kingdom
13969,2010-03-25,2011-12-02,35,13365.87,United Kingdom
13970,2010-09-28,2010-11-18,2,846.55,United Kingdom
13971,2010-01-26,2011-11-21,14,4667.57,United Kingdom
13972,2011-05-22,2011-09-30,2,190.25,United Kingdom
13973,2011-02-25,2011-02-25,1,264.7,United Kingdom
13974,2010-05-06,2011-10-21,2,677.72,United Kingdom
13975,2010-02-02,2011-11-08,12,5358.84,United Kingdom
13976,2010-02-09,2011-05-17,4,1192.36,United Kingdom
13977,2010-10-24,2010-10-24,1,519.81,United Kingdom
13978,2011-10-25,2011-11-25,2,196.79,United Kingdom
13979,2009-12-03,2011-09-27,7,3409.93,United Kingdom
13980,2010-02-21,2011-10-10,5,799.92,United Kingdom
13981,2010-10-20,2010-10-20,1,331.14,United Kingdom
13982,2010-01-20,2011-10-31,9,4445.59,United Kingdom
13983,2009-12-09,2011-11-10,21,7108.45,United Kingdom
13984,2009-12-07,2011-11-13,12,2048.6,United Kingdom
13985,2010-02-09,2011-12-05,22,10020.86,United Kingdom
13986,2011-11-22,2011-11-22,1,320.46,United Kingdom
13987,2010-11-04,2010-11-25,2,682.54,United Kingdom
13988,2010-03-24,2011-11-20,8,4757.8,United Kingdom
13989,2010-05-25,2011-10-05,5,2026.06,United Kingdom
13990,2011-05-10,2011-05-10,1,311.3,United Kingdom
13991,2011-07-19,2011-11-27,6,854.97,United Kingdom
13992,2010-09-02,2011-11-09,3,219.5,United Kingdom
13993,2009-12-03,2011-10-28,19,6775.71,United Kingdom
13994,2011-07-14,2011-12-06,6,2313.14,United Kingdom
13995,2009-12-18,2011-11-24,14,3902.01,United Kingdom
13996,2010-11-05,2010-11-18,2,845.76,United Kingdom
13997,2010-06-07,2010-07-08,3,382.31,United Kingdom
13998,2010-05-12,2010-09-19,3,566.7,United Kingdom
13999,2009-12-05,2011-11-29,29,9502.26,United Kingdom
14000,2009-12-02,2011-05-12,5,2046.34,United Kingdom
14001,2010-08-03,2011-10-25,9,4530.09,United Kingdom
14002,2011-07-06,2011-07-28,2,529.73,United Kingdom
14003,2009-12-07,2009-12-07,1,209.41,United Kingdom
14004,2010-09-30,2011-10-27,11,6258.45,United Kingdom
14005,2011-05-08,2011-11-30,5,2874.72,United Kingdom
14006,2010-02-25,2011-08-16,7,2196.67,United Kingdom
14007,2010-07-15,2010-07-15,1,79.48,United Kingdom
14008,2010-10-03,2010-10-03,1,509.04,United Kingdom
14009,2010-09-03,2011-05-25,3,1099.91,United Kingdom
14010,2010-05-23,2010-05-23,2,445.15,United Kingdom
14011,2010-04-11,2010-08-16,2,457.82,United Kingdom
14012,2011-03-07,2011-03-07,1,328.8,United Kingdom
14013,2010-03-26,2011-08-21,5,1084.57,United Kingdom
14014,2010-05-12,2011-09-23,3,1948.21,United Kingdom
14015,2011-10-18,2011-10-18,1,917.34,United Kingdom
14016,2010-01-08,2011-07-01,11,11303.41,EIRE
14017,2010-05-17,2010-05-17,1,229.75,United Kingdom
14018,2010-03-04,2010-03-04,1,367.15,United Kingdom
14019,2011-07-24,2011-10-24,3,1421.61,United Kingdom
14020,2010-06-28,2011-11-23,4,1249.01,United Kingdom
14021,2010-04-26,2011-07-07,7,1716.58,United Kingdom
14022,2010-08-10,2011-04-28,2,792.15,United Kingdom
14023,2011-04-03,2011-12-02,2,584.07,United Kingdom
14024,2010-11-14,2011-08-10,3,645.74,United Kingdom
14025,2010-05-05,2010-09-01,8,4057.9,United Kingdom
14026,2010-03-24,2010-08-26,2,713.11,United Kingdom
14027,2011-10-10,2011-10-10,1,104.82,United Kingdom
14028,2010-06-07,2010-06-07,3,10396.5,United Kingdom
14029,2011-07-18,2011-10-07,2,467.66,United Kingdom
14030,2009-12-10,2011-11-21,20,8262.29,United Kingdom
14031,2009-12-03,2011-12-02,44,40999.17,United Kingdom
14032,2009-12-14,2011-12-07,16,4850.27,United Kingdom
14033,2010-06-02,2010-06-02,1,109.44,United Kingdom
14034,2011-07-05,2011-11-17,3,651.82,United Kingdom
14035,2010-04-06,2011-11-11,9,2856.72,United Kingdom
14036,2011-02-28,2011-02-28,1,626.65,United Kingdom
14037,2009-12-07,2011-06-16,6,836.95,United Kingdom
14038,2010-02-04,2011-09-22,5,3069.88,United Kingdom
14039,2010-05-13,2011-11-06,2,267.28,United Kingdom
14040,2009-12-01,2011-10-30,35,12645.57,United Kingdom
14041,2011-03-18,2011-03-18,1,141.41,United Kingdom
14042,2009-12-14,2009-12-14,1,431.98,United Kingdom
14043,2009-12-10,2010-08-05,2,304.25,United Kingdom
14044,2010-01-24,2011-11-13,10,3119.35,United Kingdom
14045,2010-01-08,2011-08-22,16,11313.03,United Kingdom
14046,2011-02-28,2011-02-28,1,151.59,United Kingdom
14047,2010-02-01,2011-12-01,14,4255.03,United Kingdom
14048,2010-11-22,2011-02-07,3,748.69,United Kingdom
14049,2010-04-01,2011-11-23,13,13239.03,United Kingdom
14050,2011-08-25,2011-11-08,2,746.36,United Kingdom
14051,2009-12-03,2011-12-09,37,22434.0,United Kingdom
14052,2010-11-14,2011-11-20,2,480.81,United Kingdom
14053,2010-08-10,2011-08-07,4,572.3,United Kingdom
14054,2011-10-05,2011-10-05,1,92.46,United Kingdom
14055,2009-12-16,2011-08-25,3,1520.96,United Kingdom
14056,2011-02-28,2011-12-08,23,8214.65,United Kingdom
14057,2009-12-03,2011-11-16,22,8408.84,United Kingdom
14058,2010-06-27,2010-09-03,2,469.19,United Kingdom
14059,2011-03-18,2011-03-18,1,183.6,United Kingdom
14060,2010-03-11,2011-12-05,30,9519.08,United Kingdom
14061,2009-12-01,2010-07-20,3,917.43,United Kingdom
14062,2009-12-10,2011-11-30,24,25604.2,United Kingdom
14063,2009-12-08,2010-01-22,7,9471.5,United Kingdom
14064,2010-01-21,2011-11-10,15,3332.42,United Kingdom
14065,2010-10-04,2010-11-15,3,891.02,United Kingdom
14066,2011-03-18,2011-03-18,1,152.55,United Kingdom
14067,2011-09-04,2011-10-07,2,374.7,United Kingdom
14068,2010-01-31,2011-01-23,4,1528.37,United Kingdom
14069,2010-05-27,2010-07-13,2,230.06,United Kingdom
14070,2010-01-24,2010-01-24,1,326.55,United Kingdom
14071,2011-03-20,2011-12-06,8,1424.0,United Kingdom
14072,2010-02-11,2010-02-11,1,390.85,United Kingdom
14073,2011-11-07,2011-11-07,1,151.04,United Kingdom
14074,2010-03-26,2010-03-26,1,219.4,United Kingdom
14075,2010-08-26,2011-12-05,5,1724.87,United Kingdom
14076,2011-08-02,2011-08-02,1,122.47,United Kingdom
14077,2010-11-09,2011-10-30,6,615.08,United Kingdom
14078,2010-03-28,2011-08-30,9,1690.98,United Kingdom
14079,2010-01-26,2011-08-07,2,618.73,United Kingdom
14080,2009-12-02,2011-11-07,5,1115.68,United Kingdom
14081,2009-12-10,2011-02-10,10,5370.1,United Kingdom
14082,2010-11-12,2010-12-10,2,413.36,United Kingdom
14083,2009-12-18,2011-12-05,11,1407.26,United Kingdom
14084,2010-07-15,2010-07-15,1,150.5,United Kingdom
14085,2009-12-08,2011-12-07,32,10089.97,United Kingdom
14086,2010-09-03,2010-09-03,1,39.95,United Kingdom
14087,2009-12-04,2011-12-07,3,846.22,United Kingdom
14088,2010-10-14,2011-11-29,16,64036.8,United Kingdom
14089,2011-10-14,2011-10-14,1,161.0,United Kingdom
14090,2011-01-19,2011-01-19,1,76.32,United Kingdom
14091,2010-01-10,2010-02-23,2,9530.08,United Kingdom
14092,2009-12-16,2011-12-02,24,7229.45,United Kingdom
14093,2011-11-27,2011-11-27,1,442.85,United Kingdom
14094,2010-09-26,2010-09-26,1,335.22,United Kingdom
14095,2009-12-17,2009-12-17,1,2.95,United Kingdom
14096,2011-08-30,2011-12-05,17,53258.43,United Kingdom
14097,2010-03-04,2010-08-15,2,422.86,United Kingdom
14098,2011-11-03,2011-11-03,1,147.35,United Kingdom
14099,2009-12-10,2011-11-23,20,5765.71,United Kingdom
14100,2011-07-25,2011-07-25,1,194.9,United Kingdom
14101,2010-03-28,2011-09-27,13,9961.93,United Kingdom
14102,2011-10-26,2011-12-04,5,1360.28,United Kingdom
14104,2010-05-28,2011-07-08,5,768.58,United Kingdom
14105,2009-12-18,2011-04-14,5,5988.83,United Kingdom
14106,2009-12-02,2009-12-02,1,214.8,United Kingdom
14107,2009-12-09,2011-10-19,11,4877.3,United Kingdom
14108,2009-12-01,2011-11-09,4,1044.96,United Kingdom
14109,2011-09-28,2011-09-28,1,144.2,United Kingdom
14110,2009-12-01,2011-12-06,33,12987.95,United Kingdom
14111,2011-04-12,2011-11-25,4,692.85,United Kingdom
14112,2010-02-23,2011-11-17,13,5834.59,United Kingdom
14113,2009-12-08,2011-12-06,16,7092.61,United Kingdom
14114,2010-04-12,2011-03-11,7,1364.09,United Kingdom
14115,2010-02-11,2010-07-26,2,622.67,United Kingdom
14116,2011-08-10,2011-11-20,5,1382.74,United Kingdom
14117,2011-07-19,2011-07-19,1,90.0,United Kingdom
14118,2010-10-07,2010-10-07,1,458.45,United Kingdom
14119,2009-12-21,2010-11-29,2,183.37,United Kingdom
14121,2011-10-11,2011-12-06,4,2780.15,United Kingdom
14122,2009-12-02,2010-10-29,3,362.42,United Kingdom
14123,2009-12-06,2009-12-06,1,436.18,United Kingdom
14124,2011-09-16,2011-09-16,1,419.58,United Kingdom
14125,2011-09-22,2011-11-29,3,2740.43,United Kingdom
14126,2010-09-21,2011-12-02,4,1172.46,United Kingdom
14127,2010-10-10,2011-08-09,6,1900.08,United Kingdom
14128,2010-06-06,2011-10-10,3,924.21,United Kingdom
14129,2010-05-09,2011-12-08,9,2591.34,United Kingdom
14130,2009-12-11,2011-01-24,4,1882.67,United Kingdom
14131,2010-03-01,2010-03-01,1,187.87,United Kingdom
14132,2011-06-09,2011-12-07,11,3586.03,United Kingdom
14133,2009-12-06,2011-08-02,4,911.14,United Kingdom
14134,2009-12-10,2010-11-22,15,11123.35,United Kingdom
14135,2009-12-02,2011-12-08,24,9643.92,United Kingdom
14136,2009-12-08,2010-11-04,5,1570.81,United Kingdom
14137,2010-01-13,2010-01-13,1,332.7,United Kingdom
14138,2011-10-07,2011-12-08,2,982.38,United Kingdom
14139,2010-06-15,2011-10-24,4,1086.8,United Kingdom
14140,2011-11-08,2011-12-06,2,935.05,United Kingdom
14141,2011-08-26,2011-12-07,4,915.13,United Kingdom
14142,2010-03-03,2010-12-01,2,983.15,United Kingdom
14143,2011-07-29,2011-07-29,1,115.8,United Kingdom
14144,2010-08-10,2010-08-10,1,30.6,United Kingdom
14145,2010-04-08,2011-10-24,7,7600.05,United Kingdom
14146,2010-01-13,2011-12-01,12,9450.3,United Kingdom
14147,2010-03-09,2011-09-22,9,2590.2,United Kingdom
14148,2010-10-21,2011-04-20,2,466.29,United Kingdom
14149,2011-05-03,2011-05-03,1,446.62,United Kingdom
14150,2010-12-15,2011-11-04,2,658.64,United Kingdom
14151,2009-12-23,2010-02-04,2,679.45,United Kingdom
14152,2010-02-18,2011-09-25,7,1997.34,United Kingdom
14153,2010-08-13,2010-08-13,1,233.4,United Kingdom
14154,2010-01-13,2011-04-14,8,6460.7,United Kingdom
14155,2011-03-18,2011-03-18,1,118.75,United Kingdom
14156,2009-12-01,2011-11-30,150,304117.92,EIRE
14157,2010-03-03,2011-11-20,5,1002.78,United Kingdom
14158,2011-10-30,2011-10-30,1,507.66,United Kingdom
14159,2009-12-03,2011-11-20,20,7926.79,United Kingdom
14160,2010-01-10,2010-04-08,7,8421.47,United Kingdom
14161,2009-12-13,2011-05-08,7,3318.88,United Kingdom
14162,2011-02-20,2011-06-19,2,289.36,United Kingdom
14163,2010-09-03,2011-09-13,5,2594.62,United Kingdom
14164,2011-09-20,2011-09-30,2,1631.77,United Kingdom
14165,2011-03-09,2011-03-09,1,122.54,United Kingdom
14166,2010-03-23,2010-07-22,2,256.85,United Kingdom
14167,2010-01-27,2011-10-31,8,1296.49,United Kingdom
14168,2010-05-24,2010-10-15,2,370.45,United Kingdom
14169,2010-09-21,2010-10-05,2,616.03,United Kingdom
14170,2010-11-09,2010-11-29,3,597.33,United Kingdom
14171,2009-12-09,2011-09-02,2,498.79,United Kingdom
14172,2010-03-07,2010-04-13,3,402.72,United Kingdom
14173,2009-12-09,2011-11-29,6,586.0,United Kingdom
14174,2011-11-06,2011-11-06,1,134.46,United Kingdom
14175,2010-03-22,2011-10-11,8,7678.88,United Kingdom
14176,2010-11-23,2011-02-15,5,916.01,United Kingdom
14177,2010-02-26,2011-09-14,13,2229.34,United Kingdom
14178,2011-06-10,2011-12-01,7,1600.93,United Kingdom
14179,2011-10-18,2011-10-30,2,719.78,United Kingdom
14180,2010-06-09,2011-11-29,33,6319.25,United Kingdom
14181,2010-05-26,2010-10-25,2,310.55,United Kingdom
14182,2010-04-22,2010-09-22,4,678.77,United Kingdom
14183,2010-08-15,2010-10-24,2,286.29,United Kingdom
14184,2011-10-04,2011-10-04,1,452.89,United Kingdom
14185,2011-01-12,2011-01-12,1,197.65,United Kingdom
14186,2010-03-05,2010-10-08,5,1550.63,United Kingdom
14187,2010-08-23,2010-08-23,1,123.5,United Kingdom
14188,2011-02-02,2011-11-09,6,2054.36,United Kingdom
14189,2010-11-16,2011-12-07,16,5814.39,United Kingdom
14190,2010-02-11,2010-02-11,1,79.9,United Kingdom
14191,2009-12-11,2011-12-08,15,4817.66,United Kingdom
14192,2010-11-16,2010-11-16,1,293.74,United Kingdom
14193,2010-11-08,2011-10-03,3,1210.19,United Kingdom
14194,2010-01-06,2011-12-05,36,18670.59,United Kingdom
14195,2010-03-15,2011-05-22,6,2615.6,United Kingdom
14196,2011-08-25,2011-08-25,1,335.52,United Kingdom
14197,2010-10-25,2010-10-25,1,390.05,United Kingdom
14198,2010-01-05,2011-11-21,9,1569.73,United Kingdom
14199,2010-06-27,2011-05-05,4,1091.7,United Kingdom
14200,2010-04-01,2010-04-01,1,379.2,United Kingdom
14201,2010-04-30,2011-10-10,10,1193.54,United Kingdom
14202,2010-03-25,2010-11-23,3,847.76,United Kingdom
14203,2010-11-07,2010-11-07,1,339.34,United Kingdom
14204,2009-12-02,2011-12-07,4,1062.96,United Kingdom
14205,2010-03-07,2011-11-23,9,2414.2,United Kingdom
14206,2010-11-02,2011-04-14,3,1185.01,United Kingdom
14207,2010-01-21,2010-01-21,1,157.8,United Kingdom
14208,2010-06-06,2011-09-06,2,567.05,United Kingdom
14209,2010-01-22,2011-11-29,15,4993.27,United Kingdom
14210,2010-01-06,2011-08-26,16,5861.52,United Kingdom
14211,2009-12-09,2011-10-17,18,4402.29,United Kingdom
14212,2010-09-20,2011-09-11,2,2190.14,United Kingdom
14213,2010-10-31,2010-10-31,1,1192.2,United Kingdom
14214,2011-03-07,2011-11-09,5,1004.38,United Kingdom
14215,2009-12-08,2011-11-28,9,3416.33,United Kingdom
14216,2010-10-21,2011-12-06,5,2150.04,United Kingdom
14217,2010-06-30,2011-12-08,23,3416.89,United Kingdom
14218,2011-10-28,2011-10-28,1,169.48,United Kingdom
14219,2010-08-03,2011-12-05,3,633.83,United Kingdom
14220,2010-05-19,2011-04-06,4,1515.0,United Kingdom
14221,2010-04-06,2011-10-28,17,6517.49,United Kingdom
14222,2011-06-15,2011-06-15,1,683.17,United Kingdom
14223,2011-03-20,2011-09-08,3,991.13,United Kingdom
14224,2010-06-13,2011-08-21,9,1897.9,United Kingdom
14225,2010-01-12,2010-10-01,4,2037.02,United Kingdom
14226,2010-09-24,2011-11-11,6,3002.53,United Kingdom
14227,2010-02-08,2011-11-13,15,6366.16,United Kingdom
14228,2010-06-11,2010-09-28,3,745.5,United Kingdom
14229,2010-08-25,2011-10-19,7,2594.04,United Kingdom
14230,2010-06-09,2010-09-30,3,979.8,United Kingdom
14231,2010-09-15,2011-06-09,4,1235.62,United Kingdom
14232,2011-03-20,2011-10-28,5,2048.07,United Kingdom
14233,2010-03-05,2011-10-21,7,2904.27,United Kingdom
14234,2011-10-13,2011-11-17,4,775.46,United Kingdom
14235,2010-03-30,2011-09-25,9,4717.99,United Kingdom
14236,2010-07-22,2011-09-20,5,1744.64,United Kingdom
14237,2010-04-28,2010-12-01,2,632.14,United Kingdom
14238,2009-12-05,2011-01-17,3,434.23,United Kingdom
14239,2009-12-05,2011-10-27,21,4263.17,United Kingdom
14240,2010-10-12,2011-11-09,3,1247.49,United Kingdom
14241,2010-01-12,2011-06-09,2,333.7,United Kingdom
14242,2011-01-18,2011-04-19,2,280.55,United Kingdom
14243,2010-08-20,2011-12-01,17,7431.05,United Kingdom
14244,2010-02-17,2010-02-17,1,366.42,United Kingdom
14245,2011-03-21,2011-05-04,2,1693.45,United Kingdom
14246,2011-04-08,2011-08-21,3,1474.06,United Kingdom
14247,2010-06-06,2011-03-06,5,772.66,United Kingdom
14248,2010-07-12,2011-01-25,3,1032.95,United Kingdom
14249,2010-01-29,2010-10-25,12,5625.46,United Kingdom
14250,2011-09-11,2011-12-02,3,1904.05,United Kingdom
14251,2011-10-13,2011-12-08,5,2879.7,United Kingdom
14252,2010-11-23,2010-11-23,1,350.99,United Kingdom
14253,2010-03-26,2010-08-03,2,363.4,United Kingdom
14254,2010-10-03,2010-10-03,1,601.03,United Kingdom
14256,2010-01-14,2011-03-24,5,2473.99,United Kingdom
14257,2010-03-01,2011-10-06,9,5954.45,United Kingdom
14258,2009-12-04,2011-11-30,25,32051.34,United Kingdom
14259,2011-07-21,2011-07-21,1,120.0,United Kingdom
14260,2010-06-09,2010-08-25,3,824.28,United Kingdom
14261,2011-09-22,2011-10-20,2,1163.45,United Kingdom
14262,2011-04-13,2011-12-01,8,2618.23,United Kingdom
14263,2010-10-12,2010-10-12,1,322.93,United Kingdom
14264,2010-04-07,2011-07-08,6,1517.36,United Kingdom
14265,2010-04-06,2011-08-22,4,1373.35,Unspecified
14266,2010-10-07,2010-10-07,1,40.56,United Kingdom
14267,2011-03-24,2011-06-30,3,1516.24,United Kingdom
14268,2010-08-26,2010-08-26,1,354.85,United Kingdom
14269,2010-09-26,2010-09-26,1,295.73,United Kingdom
14270,2011-01-12,2011-01-12,1,492.65,United Kingdom
14271,2010-10-26,2011-04-28,2,219.13,United Kingdom
14272,2010-05-06,2011-09-27,4,920.81,United Kingdom
14273,2011-04-11,2011-10-19,4,559.97,United Kingdom
14274,2010-01-22,2010-01-22,1,256.6,United Kingdom
14275,2010-04-11,2010-11-09,6,1189.38,United Kingdom
14276,2010-02-17,2011-09-02,7,2102.68,United Kingdom
14277,2009-12-13,2011-11-24,8,16817.36,France
14278,2010-10-26,2010-10-26,1,205.83,United Kingdom
14279,2010-01-27,2010-07-07,2,191.86,United Kingdom
14280,2011-05-27,2011-05-27,1,134.04,United Kingdom
14281,2010-10-27,2010-10-27,1,245.15,United Kingdom
14282,2010-02-15,2011-12-06,25,7849.66,United Kingdom
14283,2010-05-19,2010-09-02,4,628.44,United Kingdom
14284,2010-02-24,2011-11-09,3,1299.65,United Kingdom
14285,2009-12-08,2011-11-18,8,3284.42,United Kingdom
14286,2009-12-04,2011-11-16,7,8479.76,United Kingdom
14287,2011-05-25,2011-12-01,3,176.63,United Kingdom
14288,2011-05-10,2011-05-10,1,426.6,United Kingdom
14289,2011-02-23,2011-12-01,6,911.26,United Kingdom
14290,2009-12-08,2011-11-28,8,4516.56,United Kingdom
14291,2009-12-09,2011-12-08,23,7904.1,United Kingdom
14292,2010-03-19,2011-12-02,16,9226.25,United Kingdom
14293,2009-12-10,2011-12-06,9,3267.93,United Kingdom
14294,2010-10-28,2010-10-28,1,375.34,United Kingdom
14295,2009-12-09,2011-10-30,4,2352.91,United Kingdom
14296,2010-05-14,2010-10-14,2,456.4,United Kingdom
14297,2011-03-10,2011-11-22,4,1305.33,United Kingdom
14298,2009-12-11,2011-12-01,82,91194.49,United Kingdom
14299,2009-12-02,2011-12-01,27,14499.49,United Kingdom
14300,2011-11-21,2011-11-21,1,43.2,United Kingdom
14301,2010-02-11,2011-08-14,4,1992.18,United Kingdom
14302,2009-12-02,2010-10-05,3,742.9,United Kingdom
14303,2010-10-01,2010-10-28,2,277.94,United Kingdom
14304,2010-05-18,2011-05-01,3,1725.01,United Kingdom
14305,2011-07-27,2011-09-29,3,1858.96,United Kingdom
14306,2010-01-31,2011-10-19,6,3151.4,United Kingdom
14307,2009-12-07,2011-09-12,10,5071.03,United Kingdom
14309,2010-06-07,2011-12-01,11,3780.81,United Kingdom
14310,2010-10-03,2010-10-03,1,492.1,United Kingdom
14311,2010-05-21,2011-04-11,2,516.45,United Kingdom
14312,2010-07-23,2011-10-24,11,3090.29,United Kingdom
14314,2010-10-05,2011-08-25,2,229.8,United Kingdom
14315,2010-03-15,2011-10-26,8,3197.82,United Kingdom
14316,2010-03-19,2010-10-13,5,1370.34,United Kingdom
14317,2011-10-06,2011-10-06,1,508.58,United Kingdom
14318,2010-09-05,2010-09-05,1,158.02,United Kingdom
14319,2010-10-11,2010-10-11,1,494.85,United Kingdom
14320,2010-01-21,2011-05-17,5,1346.75,United Kingdom
14321,2010-08-23,2011-11-29,7,2218.06,United Kingdom
14322,2010-02-18,2010-10-06,4,474.1,United Kingdom
14323,2011-04-15,2011-08-17,2,605.06,United Kingdom
14324,2010-01-15,2010-10-26,2,701.61,United Kingdom
14325,2010-05-19,2010-05-19,1,245.48,United Kingdom
14326,2010-06-25,2011-04-11,3,940.98,United Kingdom
14327,2010-01-08,2011-06-29,6,1894.93,United Kingdom
14329,2009-12-16,2011-11-22,15,9927.22,United Kingdom
14330,2010-03-26,2010-03-26,1,200.63,United Kingdom
14331,2011-07-27,2011-08-07,2,462.66,United Kingdom
14332,2010-10-19,2011-11-17,5,1943.51,United Kingdom
14333,2011-10-03,2011-10-03,1,415.2,United Kingdom
14334,2010-05-20,2011-11-23,12,4318.48,United Kingdom
14335,2011-09-04,2011-11-23,2,468.26,Germany
14336,2011-03-08,2011-11-23,4,1614.91,United Kingdom
14338,2010-06-21,2011-07-01,3,928.1,United Kingdom
14339,2010-10-07,2011-04-11,2,620.27,United Kingdom
14340,2011-05-05,2011-05-05,1,134.7,United Kingdom
14341,2009-12-01,2011-10-25,18,4467.32,United Kingdom
14342,2010-08-24,2011-11-18,6,918.44,United Kingdom
14343,2010-01-18,2010-10-14,4,1088.91,United Kingdom
14344,2010-03-23,2011-08-04,20,3333.7,United Kingdom
14345,2011-11-01,2011-11-01,1,108.98,United Kingdom
14346,2010-07-30,2011-08-11,5,2315.75,United Kingdom
14347,2009-12-03,2009-12-03,1,82.6,United Kingdom
14348,2011-03-24,2011-03-24,1,409.57,United Kingdom
14349,2011-11-29,2011-11-29,1,133.5,United Kingdom
14350,2010-10-05,2011-03-10,3,972.03,United Kingdom
14351,2011-06-28,2011-06-28,1,51.0,United Kingdom
14352,2011-03-11,2011-07-05,4,1078.96,United Kingdom
14353,2010-10-04,2011-05-08,3,376.5,United Kingdom
14354,2011-11-09,2011-12-04,2,163.62,United Kingdom
14355,2010-03-22,2010-12-09,3,1014.45,United Kingdom
14356,2011-09-19,2011-09-21,2,701.23,United Kingdom
14357,2011-10-27,2011-10-27,1,225.77,United Kingdom
14358,2010-10-07,2010-11-15,2,400.06,United Kingdom
14359,2011-09-13,2011-11-20,3,912.18,United Kingdom
14360,2011-09-06,2011-11-08,4,2128.23,United Kingdom
14361,2010-05-10,2010-05-10,1,214.71,United Kingdom
14362,2011-11-17,2011-11-17,1,161.2,United Kingdom
14363,2010-09-14,2010-11-02,2,227.47,United Kingdom
14364,2011-05-12,2011-08-23,8,3717.35,United Kingdom
14365,2010-01-27,2010-11-10,2,634.68,United Kingdom
14366,2010-07-02,2010-07-02,1,136.0,United Kingdom
14367,2011-03-08,2011-12-01,16,9261.52,United Kingdom
14368,2011-01-24,2011-01-24,1,155.0,United Kingdom
14369,2010-02-16,2010-03-07,2,469.13,United Kingdom
14370,2010-02-01,2010-09-15,6,1175.78,United Kingdom
14371,2011-02-17,2011-02-17,1,100.5,United Kingdom
14372,2010-04-19,2010-09-22,2,860.08,United Kingdom
14373,2010-12-16,2010-12-16,1,76.55,United Kingdom
14374,2010-06-16,2010-06-16,1,108.0,United Kingdom
14375,2010-06-16,2011-06-07,3,1132.99,United Kingdom
14376,2010-01-25,2010-01-25,1,215.46,United Kingdom
14377,2011-03-22,2011-06-01,2,617.05,United Kingdom
14378,2010-03-28,2010-03-28,1,131.25,United Kingdom
14379,2010-08-16,2011-10-26,4,1268.91,United Kingdom
14380,2010-01-26,2010-01-26,1,48.96,United Kingdom
14381,2010-09-14,2011-10-18,2,631.34,United Kingdom
14382,2010-11-14,2011-11-13,2,1246.8,United Kingdom
14383,2011-06-29,2011-11-01,3,1247.69,United Kingdom
14384,2010-07-27,2010-07-27,1,58.5,United Kingdom
14385,2011-11-16,2011-11-30,3,202.11,United Kingdom
14386,2011-02-16,2011-02-16,1,142.4,United Kingdom
14387,2011-08-22,2011-11-07,3,1770.56,United Kingdom
14388,2010-01-20,2011-11-29,16,6701.0,United Kingdom
14389,2010-04-28,2011-10-05,5,1898.01,United Kingdom
14390,2010-10-10,2011-11-29,13,6399.83,United Kingdom
14391,2010-05-12,2010-05-12,1,135.6,United Kingdom
14392,2010-10-03,2010-10-03,1,266.4,United Kingdom
14393,2011-05-05,2011-05-05,1,67.95,United Kingdom
14394,2010-05-24,2010-05-24,1,93.8,United Kingdom
14395,2010-04-18,2011-12-07,20,8208.01,United Kingdom
14396,2009-12-02,2011-10-05,7,2121.93,United Kingdom
14397,2011-05-10,2011-12-07,19,2612.96,United Kingdom
14398,2010-06-30,2010-11-03,2,707.79,United Kingdom
14399,2010-02-03,2010-11-10,8,2113.16,United Kingdom
14400,2010-03-18,2011-07-13,3,1732.47,United Kingdom
14401,2009-12-14,2011-12-05,22,6795.9,United Kingdom
14402,2010-02-25,2010-02-25,1,285.6,United Kingdom
14403,2010-03-10,2011-08-01,6,1880.51,United Kingdom
14404,2009-12-20,2011-11-06,13,2899.11,United Kingdom
14405,2010-11-18,2010-11-18,1,195.0,United Kingdom
14406,2011-08-12,2011-08-12,1,156.75,United Kingdom
14407,2011-03-08,2011-08-24,5,2142.73,United Kingdom
14408,2009-12-07,2011-11-29,11,4109.77,United Kingdom
14409,2010-05-21,2011-09-29,9,3756.09,United Kingdom
14410,2010-09-28,2011-09-08,11,2650.14,United Kingdom
14411,2011-02-02,2011-02-02,1,1063.0,United Kingdom
14412,2010-10-11,2011-10-28,3,1426.19,United Kingdom
14413,2010-01-19,2010-12-12,4,770.37,United Kingdom
14414,2010-11-30,2011-09-09,8,2399.33,United Kingdom
14415,2009-12-16,2011-12-08,23,12091.6,United Kingdom
14416,2011-10-28,2011-11-17,2,490.22,United Kingdom
14417,2010-11-17,2010-11-17,1,604.2,United Kingdom
14418,2011-08-23,2011-12-06,3,1937.25,United Kingdom
14419,2010-11-22,2011-11-29,7,1260.91,United Kingdom
14420,2010-01-17,2011-09-01,4,1639.17,United Kingdom
14421,2010-01-17,2011-10-13,6,2469.37,United Kingdom
14422,2009-12-17,2011-12-09,19,10271.52,United Kingdom
14423,2010-01-14,2011-05-05,3,916.61,United Kingdom
14424,2011-11-22,2011-11-22,1,322.08,United Kingdom
14425,2009-12-02,2010-10-01,3,661.39,United Kingdom
14426,2010-03-04,2011-11-16,17,11727.94,United Kingdom
14427,2010-03-18,2011-10-20,4,1263.52,United Kingdom
14428,2011-01-18,2011-12-02,5,1244.83,United Kingdom
14429,2010-11-01,2010-11-01,1,516.28,United Kingdom
14430,2010-04-11,2010-07-16,3,1220.9,United Kingdom
14431,2010-01-21,2011-02-10,4,2614.2,United Kingdom
14432,2011-09-11,2011-11-30,6,2255.51,United Kingdom
14433,2010-08-31,2010-08-31,1,289.6,United Kingdom
14434,2011-09-28,2011-11-18,6,1372.8,United Kingdom
14435,2010-07-26,2010-07-26,1,90.42,United Kingdom
14436,2010-06-04,2011-09-02,2,271.7,United Kingdom
14437,2010-05-05,2010-12-09,5,958.84,United Kingdom
14438,2011-02-06,2011-02-06,1,131.9,United Kingdom
14439,2010-01-21,2011-01-24,5,9443.04,Greece
14440,2009-12-02,2011-12-01,13,6638.73,United Kingdom
14441,2010-01-18,2011-12-09,11,4611.69,United Kingdom
14442,2010-01-18,2011-05-19,7,5367.02,Channel Islands
14443,2010-11-25,2011-10-17,5,2386.47,United Kingdom
14444,2010-09-09,2010-09-09,1,132.04,United Kingdom
14445,2010-09-10,2010-09-10,1,221.65,United Kingdom
14446,2010-11-18,2011-12-09,5,1236.51,United Kingdom
14447,2010-11-04,2011-11-21,6,1711.73,United Kingdom
14448,2010-12-10,2011-11-30,2,375.35,United Kingdom
14449,2010-09-29,2011-11-21,8,2482.8,United Kingdom
14450,2010-04-08,2011-06-12,7,1128.44,United Kingdom
14451,2010-01-17,2011-10-10,12,3308.77,United Kingdom
14452,2010-07-06,2011-11-29,4,665.59,United Kingdom
14453,2011-06-02,2011-06-02,1,119.93,United Kingdom
14454,2009-12-06,2010-11-28,5,977.3,United Kingdom
14455,2010-08-01,2010-10-03,4,628.21,United Kingdom
14456,2011-07-20,2011-12-04,9,3059.44,United Kingdom
14457,2011-02-02,2011-02-02,1,113.64,United Kingdom
14458,2010-11-24,2010-11-24,1,228.62,United Kingdom
14459,2010-02-26,2011-07-07,2,5375.74,United Kingdom
14460,2009-12-15,2011-08-21,9,1093.5,United Kingdom
14461,2010-01-18,2011-07-14,13,6713.11,United Kingdom
14462,2010-10-03,2011-10-04,12,2265.01,United Kingdom
14463,2010-07-28,2011-09-02,4,786.57,United Kingdom
14464,2010-03-22,2010-05-20,2,111.0,United Kingdom
14465,2010-01-07,2011-04-07,11,3946.03,United Kingdom
14466,2009-12-13,2011-11-10,13,4646.9,United Kingdom
14467,2009-12-02,2011-11-22,12,2220.99,United Kingdom
14468,2009-12-06,2009-12-06,1,204.24,United Kingdom
14469,2010-01-29,2010-10-19,4,2112.21,United Kingdom
14470,2010-10-05,2011-11-28,3,712.04,United Kingdom
14471,2009-12-07,2010-04-27,2,400.95,United Kingdom
14472,2010-01-19,2011-08-28,9,2228.22,United Kingdom
14473,2011-03-02,2011-09-26,2,234.34,United Kingdom
14474,2010-05-09,2011-10-24,2,1278.08,United Kingdom
14475,2010-10-27,2011-09-29,4,1151.15,United Kingdom
14476,2011-03-27,2011-03-27,1,215.7,United Kingdom
14477,2010-01-04,2011-11-20,7,1969.6,United Kingdom
14478,2009-12-01,2010-11-22,4,1276.66,United Kingdom
14479,2009-12-06,2011-03-31,4,1299.11,United Kingdom
14480,2009-12-21,2011-11-28,4,1299.52,United Kingdom
14481,2010-01-31,2011-06-28,5,2311.49,United Kingdom
14482,2010-08-26,2011-11-21,12,4357.91,United Kingdom
14483,2009-12-03,2011-03-03,2,257.1,United Kingdom
14484,2009-12-17,2011-10-20,4,1070.98,United Kingdom
14485,2011-11-01,2011-11-01,1,165.75,United Kingdom
14486,2010-06-04,2010-07-16,2,175.5,United Kingdom
14487,2010-11-25,2011-11-13,7,1453.61,United Kingdom
14488,2011-10-03,2011-10-03,1,1064.28,United Kingdom
14489,2010-04-06,2011-05-16,4,1574.93,United Kingdom
14490,2010-10-07,2010-10-29,2,1273.47,United Kingdom
14491,2010-12-02,2011-06-17,2,468.13,United Kingdom
14492,2010-03-30,2010-10-05,7,1921.91,United Kingdom
14493,2010-03-08,2011-12-02,10,5130.15,United Kingdom
14494,2009-12-08,2011-11-14,3,401.46,United Kingdom
14495,2010-02-18,2011-10-20,3,174.8,United Kingdom
14496,2010-03-16,2011-02-01,7,2668.23,United Kingdom
14497,2010-02-04,2011-02-03,2,697.06,United Kingdom
14498,2010-06-07,2011-10-28,10,3911.27,United Kingdom
14499,2010-08-27,2011-11-13,7,2138.97,United Kingdom
14500,2011-06-03,2011-09-12,3,356.85,United Kingdom
14501,2011-01-24,2011-06-09,2,251.21,United Kingdom
14502,2011-01-30,2011-11-20,11,2467.63,United Kingdom
14503,2011-06-14,2011-12-06,6,3543.26,United Kingdom
14504,2011-03-06,2011-10-23,4,673.26,United Kingdom
14505,2009-12-09,2011-11-22,19,11995.84,United Kingdom
14506,2010-04-19,2011-11-22,7,3290.67,United Kingdom
14507,2009-12-10,2011-11-16,11,3284.43,United Kingdom
14508,2010-06-17,2011-11-17,5,874.94,United Kingdom
14509,2010-06-23,2010-06-23,1,110.95,United Kingdom
14510,2010-09-29,2010-11-29,3,1007.28,United Kingdom
14511,2011-07-29,2011-11-28,5,1314.81,United Kingdom
14512,2009-12-07,2011-06-05,7,1223.47,United Kingdom
14513,2010-05-20,2011-08-31,6,788.01,United Kingdom
14514,2009-12-13,2011-10-09,9,4598.98,United Kingdom
14515,2010-06-07,2011-11-22,12,3749.26,United Kingdom
14516,2010-07-11,2010-07-11,1,163.92,United Kingdom
14517,2011-07-21,2011-11-06,2,330.45,United Kingdom
14518,2011-10-06,2011-10-06,1,174.37,United Kingdom
14519,2009-12-11,2010-01-25,2,206.09,United Kingdom
14520,2011-02-22,2011-12-08,2,270.6,United Kingdom
14521,2010-08-05,2010-08-05,1,199.45,United Kingdom
14522,2010-01-24,2011-11-15,8,1758.62,United Kingdom
14523,2011-08-23,2011-08-23,1,241.09,United Kingdom
14524,2010-10-19,2011-11-08,13,2933.71,United Kingdom
14525,2009-12-13,2011-11-20,17,8232.69,United Kingdom
14526,2010-11-15,2010-11-15,1,262.4,United Kingdom
14527,2009-12-02,2011-12-07,121,27736.52,United Kingdom
14528,2011-11-02,2011-11-02,1,364.22,United Kingdom
14529,2011-08-21,2011-10-10,3,620.04,United Kingdom
14530,2010-01-21,2011-11-14,16,6197.4,United Kingdom
14531,2010-08-17,2010-08-17,1,376.34,United Kingdom
14532,2010-01-10,2011-04-17,11,3859.18,United Kingdom
14533,2010-04-08,2011-11-15,11,3466.37,United Kingdom
14534,2010-03-15,2011-12-07,26,6266.51,United Kingdom
14535,2010-02-24,2011-10-10,9,6019.39,United Kingdom
14536,2011-03-25,2011-03-25,1,171.8,United Kingdom
14537,2010-03-26,2011-10-13,2,641.4,United Kingdom
14538,2010-01-25,2011-10-06,5,1370.84,United Kingdom
14539,2011-10-26,2011-11-24,2,537.48,United Kingdom
14540,2009-12-07,2011-11-30,11,3795.34,United Kingdom
14541,2010-01-07,2011-10-12,14,2499.68,United Kingdom
14542,2011-06-07,2011-06-07,1,103.25,United Kingdom
14543,2009-12-01,2011-11-11,39,14867.12,United Kingdom
14544,2010-08-26,2011-11-15,3,2982.43,United Kingdom
14545,2010-02-03,2010-02-03,1,349.25,United Kingdom
14546,2009-12-06,2011-12-04,11,5197.9,United Kingdom
14547,2011-10-16,2011-12-06,8,4007.54,United Kingdom
14548,2009-12-06,2011-07-12,9,2627.49,United Kingdom
14549,2009-12-02,2011-02-01,4,916.55,United Kingdom
14550,2010-08-13,2011-11-29,4,1353.31,United Kingdom
14551,2010-01-27,2011-11-21,7,880.04,United Kingdom
14552,2010-04-26,2011-07-11,3,511.28,United Kingdom
14553,2010-07-18,2011-11-20,9,1841.54,United Kingdom
14554,2011-10-18,2011-11-29,4,2381.04,United Kingdom
14555,2009-12-18,2011-10-13,6,2315.63,United Kingdom
14556,2010-01-20,2010-04-22,3,835.34,United Kingdom
14557,2011-09-15,2011-09-15,1,788.38,United Kingdom
14558,2009-12-08,2010-02-23,3,655.5,United Kingdom
14559,2010-11-14,2010-11-14,1,75.6,United Kingdom
14560,2009-12-02,2011-12-02,44,6114.03,United Kingdom
14561,2011-06-08,2011-09-25,3,1080.76,United Kingdom
14562,2010-02-07,2011-12-06,26,6729.4,United Kingdom
14563,2010-04-26,2010-07-18,2,664.32,United Kingdom
14564,2009-12-04,2010-10-01,2,2605.62,Channel Islands
14565,2010-08-23,2011-09-05,5,3709.22,United Kingdom
14566,2010-06-24,2011-08-21,4,4092.0,Channel Islands
14567,2011-08-01,2011-10-14,2,1530.36,United Kingdom
14568,2010-09-30,2010-09-30,1,919.7,Channel Islands
14569,2010-04-15,2011-12-08,4,598.98,United Kingdom
14570,2010-09-22,2011-03-04,3,512.4,United Kingdom
14571,2010-10-10,2010-10-10,1,161.65,United Kingdom
14572,2010-03-28,2011-12-06,11,5609.28,United Kingdom
14573,2010-01-08,2011-06-13,13,2621.42,United Kingdom
14574,2009-12-07,2009-12-07,1,143.7,United Kingdom
14575,2010-08-08,2010-08-08,1,460.71,United Kingdom
14576,2010-12-02,2010-12-02,1,70.8,United Kingdom
14577,2009-12-11,2011-11-27,7,1374.25,United Kingdom
14578,2011-12-06,2011-12-06,1,168.63,United Kingdom
14579,2010-10-03,2010-10-03,1,105.56,United Kingdom
14580,2010-07-09,2010-07-09,1,14.85,United Kingdom
14581,2010-06-13,2011-11-23,2,433.8,United Kingdom
14582,2011-10-30,2011-10-30,1,114.11,United Kingdom
14583,2010-03-28,2011-12-04,8,1781.03,United Kingdom
14584,2010-02-17,2011-06-23,8,1747.91,United Kingdom
14585,2010-10-19,2011-10-20,5,1143.27,United Kingdom
14586,2011-03-08,2011-03-08,1,237.36,United Kingdom
14587,2011-01-12,2011-11-21,9,1601.14,United Kingdom
14588,2010-05-10,2010-05-10,1,135.39,United Kingdom
14589,2010-12-03,2010-12-03,1,79.5,United Kingdom
14590,2009-12-07,2010-10-11,20,3006.62,United Kingdom
14591,2011-05-10,2011-11-24,4,1447.14,United Kingdom
14592,2011-10-06,2011-11-04,3,570.46,United Kingdom
14593,2009-12-09,2011-11-18,12,3704.51,United Kingdom
14594,2010-12-01,2011-12-02,2,634.83,United Kingdom
14595,2010-01-20,2011-11-20,8,2164.45,United Kingdom
14596,2010-03-23,2010-03-23,1,229.47,United Kingdom
14597,2010-09-28,2011-11-28,6,2201.54,United Kingdom
14598,2010-05-19,2011-10-26,2,384.04,United Kingdom
14599,2010-07-18,2010-11-14,2,474.54,United Kingdom
14600,2010-11-11,2011-02-07,2,865.17,United Kingdom
14601,2011-11-29,2011-11-29,1,213.96,United Kingdom
14602,2010-02-21,2010-02-21,1,205.36,United Kingdom
14603,2011-03-10,2011-03-10,1,660.0,United Kingdom
14604,2010-03-16,2010-03-16,1,136.36,United Kingdom
14605,2009-12-08,2010-11-30,4,936.31,United Kingdom
14606,2009-12-03,2011-12-08,184,30558.44,United Kingdom
14607,2009-12-15,2011-11-24,20,22589.63,United Kingdom
14608,2009-12-06,2011-12-05,10,3342.94,United Kingdom
14609,2010-02-09,2011-09-28,10,1486.2,United Kingdom
14610,2010-07-13,2010-11-09,2,24.35,United Kingdom
14611,2010-04-20,2010-09-22,2,604.33,United Kingdom
14612,2010-10-20,2010-10-20,1,877.7,United Kingdom
14613,2010-01-28,2010-01-28,1,76.32,United Kingdom
14614,2010-11-18,2010-11-18,1,295.13,United Kingdom
14615,2010-06-09,2010-11-10,5,951.76,United Kingdom
14616,2010-06-09,2011-04-11,5,527.78,United Kingdom
14617,2010-10-20,2010-11-02,2,190.47,United Kingdom
14618,2010-06-11,2011-11-30,7,1342.32,United Kingdom
14619,2010-06-16,2011-04-08,2,1291.24,United Kingdom
14620,2011-03-01,2011-05-18,2,412.78,United Kingdom
14621,2010-01-25,2011-12-08,9,3000.57,United Kingdom
14622,2011-06-08,2011-06-08,1,320.58,United Kingdom
14623,2010-04-16,2011-11-07,10,2054.9,United Kingdom
14624,2010-04-14,2011-10-13,6,814.07,United Kingdom
14625,2009-12-16,2011-05-27,11,4497.88,United Kingdom
14626,2009-12-10,2011-11-16,11,5410.92,United Kingdom
14627,2010-11-25,2010-11-25,1,462.75,United Kingdom
14628,2010-01-25,2011-09-09,5,1998.0,United Kingdom
14629,2011-10-23,2011-12-05,2,959.01,United Kingdom
14630,2010-08-12,2010-08-12,1,338.65,United Kingdom
14631,2010-08-09,2011-10-20,6,2025.69,United Kingdom
14632,2011-03-22,2011-03-22,1,114.56,United Kingdom
14633,2011-03-18,2011-03-18,1,344.9,United Kingdom
14634,2010-06-16,2010-09-28,4,2124.46,United Kingdom
14635,2010-09-12,2010-09-12,1,215.22,United Kingdom
14636,2011-03-16,2011-11-03,2,609.85,United Kingdom
14637,2010-01-31,2010-01-31,1,106.68,United Kingdom
14638,2011-10-20,2011-10-20,1,443.6,United Kingdom
14639,2010-02-16,2011-10-18,9,4978.96,United Kingdom
14640,2010-01-22,2011-11-15,10,3667.06,United Kingdom
14641,2011-11-18,2011-11-18,1,110.46,United Kingdom
14642,2011-10-12,2011-10-12,1,96.12,United Kingdom
14643,2009-12-11,2011-06-22,5,1679.89,United Kingdom
14644,2009-12-03,2011-10-03,7,2247.72,United Kingdom
14645,2010-03-15,2011-07-06,3,876.89,United Kingdom
14646,2009-12-02,2011-12-08,145,526751.52,Netherlands
14647,2010-07-04,2011-05-22,2,519.97,United Kingdom
14648,2009-12-10,2010-10-19,15,4543.6,United Kingdom
14649,2010-01-20,2011-12-05,9,3775.31,United Kingdom
14650,2010-04-29,2010-04-29,1,62.5,United Kingdom
14651,2010-03-18,2011-10-03,9,2034.12,United Kingdom
14652,2011-09-23,2011-09-23,1,114.18,United Kingdom
14653,2009-12-02,2011-12-08,12,3604.59,United Kingdom
14654,2009-12-01,2009-12-01,1,246.86,United Kingdom
14655,2010-04-22,2011-12-01,7,3878.51,United Kingdom
14656,2010-04-15,2011-06-23,5,814.65,United Kingdom
14657,2010-09-30,2011-11-22,6,1460.87,United Kingdom
14658,2011-08-14,2011-12-04,2,247.15,United Kingdom
14659,2011-01-28,2011-12-01,9,2529.93,United Kingdom
14660,2011-08-31,2011-09-14,2,285.74,United Kingdom
14661,2011-11-13,2011-11-13,1,107.95,United Kingdom
14662,2009-12-03,2011-11-11,7,1416.33,United Kingdom
14663,2010-10-05,2010-10-05,2,490.6,United Kingdom
14664,2011-11-06,2011-11-20,2,637.89,United Kingdom
14665,2010-04-26,2011-10-10,7,2749.65,United Kingdom
14666,2011-11-15,2011-11-15,1,179.95,United Kingdom
14667,2009-12-02,2011-11-29,54,21891.39,United Kingdom
14668,2010-09-20,2010-09-20,1,111.63,United Kingdom
14669,2009-12-02,2011-04-12,7,3243.93,United Kingdom
14670,2009-12-07,2011-03-04,3,602.0,United Kingdom
14671,2010-05-20,2010-06-08,2,1127.45,United Kingdom
14672,2010-01-28,2011-04-19,4,1113.14,United Kingdom
14673,2010-10-26,2011-12-06,7,3410.81,United Kingdom
14674,2010-07-18,2010-07-18,1,173.66,United Kingdom
14675,2010-11-16,2011-11-23,2,1066.9,United Kingdom
14676,2010-03-10,2011-11-08,12,8356.79,United Kingdom
14677,2010-04-26,2010-04-26,1,184.91,United Kingdom
14678,2010-05-09,2010-05-09,1,403.39,United Kingdom
14679,2009-12-08,2010-11-23,3,1289.44,United Kingdom
14680,2009-12-04,2011-11-14,58,57412.77,United Kingdom
14681,2010-02-24,2011-09-29,6,875.15,United Kingdom
14682,2010-02-05,2011-06-05,6,1514.81,United Kingdom
14683,2010-04-30,2010-04-30,1,146.56,United Kingdom
14684,2010-11-14,2011-11-14,6,1468.55,United Kingdom
14685,2009-12-13,2010-05-12,8,4619.79,United Kingdom
14686,2010-02-18,2010-10-21,5,885.83,United Kingdom
14687,2010-06-06,2011-08-25,3,1402.06,United Kingdom
14688,2010-09-09,2011-12-02,28,7713.57,United Kingdom
14689,2011-05-15,2011-05-15,1,112.8,United Kingdom
14690,2010-10-25,2011-10-26,4,794.33,United Kingdom
14691,2011-05-11,2011-11-09,5,2114.33,United Kingdom
14692,2010-04-01,2011-07-25,12,1745.09,United Kingdom
14693,2010-07-02,2011-03-20,7,1165.36,United Kingdom
14694,2010-04-01,2010-04-01,1,244.31,United Kingdom
14695,2009-12-07,2010-07-08,3,1620.07,United Kingdom
14696,2010-10-14,2011-12-05,8,2767.9,United Kingdom
14697,2011-05-05,2011-05-05,2,188.61,United Kingdom
14698,2011-10-19,2011-12-08,5,1250.76,United Kingdom
14699,2010-07-02,2011-05-09,4,702.6,United Kingdom
14700,2010-08-11,2011-11-07,5,3116.26,United Kingdom
14701,2010-01-24,2011-11-29,15,4562.09,United Kingdom
14702,2009-12-10,2011-12-08,29,6742.42,United Kingdom
14703,2011-11-25,2011-11-25,1,318.17,United Kingdom
14704,2010-03-25,2011-11-20,9,1781.23,United Kingdom
14705,2011-05-25,2011-05-25,1,179.0,United Kingdom
14706,2010-03-31,2010-03-31,1,390.69,United Kingdom
14707,2010-05-12,2010-09-30,2,139.2,United Kingdom
14708,2010-09-10,2011-12-07,5,2212.28,United Kingdom
14709,2009-12-05,2011-11-24,25,8886.33,United Kingdom
14710,2009-12-03,2011-11-25,13,1922.59,United Kingdom
14711,2011-03-22,2011-11-29,11,2868.8,United Kingdom
14712,2010-10-17,2011-11-10,4,1328.07,United Kingdom
14713,2009-12-03,2011-11-30,21,5418.47,United Kingdom
14714,2010-01-21,2011-11-15,4,906.24,United Kingdom
14715,2010-01-19,2011-11-15,8,1824.55,United Kingdom
14716,2010-09-21,2011-10-27,3,565.45,United Kingdom
14717,2009-12-06,2009-12-06,1,81.3,United Kingdom
14718,2010-10-25,2010-10-25,1,226.42,United Kingdom
14719,2011-04-04,2011-12-08,5,1602.13,United Kingdom
14720,2011-08-05,2011-12-04,3,663.81,United Kingdom
14721,2010-11-25,2010-11-25,1,115.77,United Kingdom
14722,2010-08-10,2011-07-15,3,513.37,United Kingdom
14723,2009-12-04,2011-11-29,11,2089.66,United Kingdom
14724,2010-04-28,2010-04-28,1,345.25,United Kingdom
14725,2010-06-23,2011-11-15,4,1309.36,United Kingdom
14726,2010-02-23,2010-02-23,1,124.75,United Kingdom
14727,2010-06-11,2011-03-10,3,465.23,United Kingdom
14728,2010-10-22,2010-10-22,1,190.58,United Kingdom
14729,2010-03-24,2010-12-01,3,907.38,United Kingdom
14730,2011-03-08,2011-12-08,8,2005.06,United Kingdom
14731,2011-05-11,2011-10-23,3,380.02,United Kingdom
14732,2009-12-09,2011-12-01,19,5517.07,United Kingdom
14733,2010-11-02,2011-11-23,15,16184.97,United Kingdom
14734,2010-06-06,2010-10-10,4,1056.42,United Kingdom
14735,2009-12-04,2011-12-06,55,12225.16,United Kingdom
14736,2010-08-11,2010-08-11,2,401.08,United Kingdom
14737,2010-11-04,2011-12-06,4,3554.17,United Kingdom
14738,2009-12-07,2011-10-28,9,1821.9,United Kingdom
14739,2009-12-02,2011-12-05,25,12287.5,United Kingdom
14740,2010-02-25,2011-05-26,11,4161.06,United Kingdom
14741,2010-10-18,2011-11-28,7,1897.59,United Kingdom
14742,2010-09-30,2010-09-30,1,579.85,United Kingdom
14743,2010-04-26,2010-04-26,1,50.48,United Kingdom
14744,2010-05-18,2011-11-23,14,3885.08,United Kingdom
14745,2010-03-12,2011-08-19,12,2571.81,United Kingdom
14746,2010-10-12,2010-10-29,4,593.5,United Kingdom
14747,2011-04-04,2011-04-04,1,328.2,United Kingdom
14748,2010-03-04,2011-11-10,10,3152.32,United Kingdom
14749,2010-08-17,2010-08-17,1,310.15,United Kingdom
14750,2009-12-03,2009-12-03,1,112.03,United Kingdom
14751,2009-12-13,2010-01-24,2,126.45,United Kingdom
14752,2011-10-27,2011-10-27,1,389.64,United Kingdom
14753,2010-09-05,2011-09-13,2,869.51,United Kingdom
14754,2010-01-18,2011-10-26,6,1550.48,United Kingdom
14755,2009-12-03,2011-11-30,25,9972.55,United Kingdom
14756,2010-10-11,2011-11-24,3,2603.76,United Kingdom
14757,2011-09-25,2011-09-25,1,420.5,United Kingdom
14758,2010-04-08,2011-07-18,7,2864.97,United Kingdom
14759,2011-04-21,2011-12-05,3,1625.97,United Kingdom
14760,2011-02-15,2011-02-15,1,89.2,United Kingdom
14761,2010-09-21,2011-10-12,3,447.92,United Kingdom
14762,2010-03-23,2011-03-21,2,417.57,United Kingdom
14764,2011-10-24,2011-10-24,1,278.3,United Kingdom
14765,2011-06-16,2011-11-10,3,254.11,United Kingdom
14766,2010-06-06,2011-12-01,11,6556.13,United Kingdom
14767,2010-08-22,2010-08-22,1,382.81,United Kingdom
14768,2011-08-04,2011-11-22,2,192.6,United Kingdom
14769,2009-12-16,2011-12-07,17,15770.23,United Kingdom
14770,2010-02-25,2011-04-21,8,3637.64,United Kingdom
14771,2009-12-03,2010-03-28,2,594.62,United Kingdom
14772,2011-08-19,2011-08-19,1,139.26,United Kingdom
14773,2010-04-26,2010-04-26,1,140.55,United Kingdom
14774,2010-06-29,2010-06-29,1,241.45,United Kingdom
14775,2010-12-02,2011-10-12,3,1418.46,United Kingdom
14776,2010-09-19,2011-10-19,15,3708.3,United Kingdom
14777,2010-11-01,2010-11-01,1,307.56,United Kingdom
14778,2011-02-04,2011-08-04,2,730.86,United Kingdom
14779,2011-01-20,2011-03-04,3,386.15,United Kingdom
14780,2011-09-21,2011-10-16,2,447.68,United Kingdom
14782,2011-01-24,2011-01-24,1,200.1,United Kingdom
14783,2010-02-18,2010-02-18,1,307.3,United Kingdom
14784,2010-11-15,2011-11-13,3,449.93,United Kingdom
14785,2011-11-24,2011-11-29,2,77.4,United Kingdom
14786,2010-06-07,2010-06-07,1,90.96,United Kingdom
14787,2010-08-25,2010-08-25,1,110.65,United Kingdom
14788,2010-04-22,2011-12-02,3,1156.32,United Kingdom
14789,2011-11-11,2011-11-11,1,197.64,United Kingdom
14790,2009-12-11,2011-11-23,10,2526.62,United Kingdom
14791,2010-04-12,2010-04-12,1,303.63,United Kingdom
14792,2011-10-07,2011-10-07,1,6.2,United Kingdom
14793,2010-06-22,2011-11-18,2,625.9,United Kingdom
14794,2010-08-09,2011-12-07,10,1953.9,United Kingdom
14795,2011-06-26,2011-06-26,1,131.45,United Kingdom
14796,2009-12-14,2011-12-08,27,10888.08,United Kingdom
14797,2010-07-20,2010-07-20,1,300.31,United Kingdom
14798,2010-03-01,2011-10-18,8,724.31,United Kingdom
14799,2009-12-02,2011-10-19,2,338.15,United Kingdom
14800,2010-09-30,2011-10-23,17,7763.07,United Kingdom
14801,2011-10-09,2011-10-09,1,193.14,United Kingdom
14803,2011-02-20,2011-06-30,3,845.55,United Kingdom
14804,2011-12-01,2011-12-01,1,353.27,United Kingdom
14805,2010-03-28,2011-11-24,7,1104.64,United Kingdom
14806,2010-09-26,2011-09-25,2,303.43,United Kingdom
14807,2010-02-28,2010-11-14,2,519.29,United Kingdom
14808,2011-06-20,2011-10-31,8,2741.17,United Kingdom
14809,2010-03-28,2010-03-28,2,686.76,United Kingdom
14810,2010-10-06,2011-10-30,13,2537.02,United Kingdom
14811,2010-11-17,2010-11-17,1,170.5,United Kingdom
14812,2010-04-20,2010-04-20,1,185.8,United Kingdom
14813,2010-04-08,2010-12-05,4,1090.87,United Kingdom
14814,2010-05-07,2010-05-07,1,159.21,United Kingdom
14815,2011-10-03,2011-11-03,2,778.5,United Kingdom
14816,2011-05-26,2011-05-26,1,271.85,United Kingdom
14817,2010-03-22,2011-05-23,7,3609.86,United Kingdom
14818,2010-03-02,2011-09-27,6,1170.41,United Kingdom
14819,2009-12-21,2011-10-06,4,470.16,United Kingdom
14820,2010-01-31,2011-11-18,9,1274.76,United Kingdom
14821,2010-02-01,2010-12-08,7,1286.45,United Kingdom
14822,2010-08-11,2010-08-11,1,157.7,United Kingdom
14823,2011-05-29,2011-06-12,3,321.43,United Kingdom
14824,2010-03-12,2011-11-29,10,4022.91,United Kingdom
14825,2010-04-06,2011-12-06,24,4925.08,United Kingdom
14826,2010-01-13,2010-05-07,2,385.2,United Kingdom
14828,2009-12-07,2011-05-27,13,9839.46,United Kingdom
14829,2010-09-29,2011-11-10,7,1692.84,United Kingdom
14830,2011-10-17,2011-10-17,1,196.28,United Kingdom
14831,2009-12-02,2010-01-28,3,1676.57,United Kingdom
14833,2010-07-29,2010-07-29,1,94.8,United Kingdom
14834,2010-10-28,2011-11-22,7,2206.16,United Kingdom
14835,2010-04-01,2010-06-29,2,297.0,United Kingdom
14836,2011-11-09,2011-11-29,3,102.45,United Kingdom
14837,2010-01-24,2011-09-11,9,3460.32,United Kingdom
14838,2009-12-03,2010-10-12,2,773.67,United Kingdom
14839,2010-01-04,2010-10-17,3,915.28,United Kingdom
14840,2010-06-18,2011-03-17,2,362.71,United Kingdom
14841,2009-12-02,2011-10-17,14,7163.0,United Kingdom
14842,2011-02-04,2011-10-27,4,2824.69,United Kingdom
14843,2010-09-29,2010-09-29,1,211.8,United Kingdom
14844,2010-04-12,2011-10-07,10,6702.43,United Kingdom
14845,2010-04-19,2010-04-19,1,150.0,United Kingdom
14846,2010-10-08,2010-10-08,1,437.4,United Kingdom
14847,2010-05-24,2011-07-14,3,1348.95,United Kingdom
14848,2010-10-31,2010-10-31,1,310.56,United Kingdom
14849,2010-01-10,2011-11-18,43,15763.45,United Kingdom
14850,2010-05-20,2011-02-01,7,1794.01,United Kingdom
14851,2010-03-19,2011-11-16,3,829.41,United Kingdom
14852,2010-03-05,2011-10-12,18,6147.18,United Kingdom
14853,2010-04-13,2011-11-15,5,1376.87,United Kingdom
14854,2010-01-22,2011-09-22,11,4322.86,United Kingdom
14855,2010-04-08,2011-08-12,7,6520.3,United Kingdom
14856,2011-10-14,2011-11-03,3,1311.38,United Kingdom
14857,2010-03-15,2011-10-11,7,3651.85,United Kingdom
14858,2010-07-22,2010-07-22,1,180.75,United Kingdom
14859,2010-06-03,2011-11-27,5,1705.64,United Kingdom
14860,2011-11-20,2011-11-20,1,170.32,United Kingdom
14861,2009-12-08,2011-10-18,10,1380.73,United Kingdom
14862,2011-07-14,2011-11-14,2,841.2,United Kingdom
14863,2011-11-10,2011-11-10,1,266.76,United Kingdom
14865,2009-12-01,2011-12-02,4,129.72,United Kingdom
14866,2010-09-21,2011-11-29,17,20803.72,United Kingdom
14867,2009-12-05,2011-06-07,16,2952.06,United Kingdom
14868,2010-10-15,2011-12-06,12,4184.01,United Kingdom
14869,2009-12-16,2011-12-01,6,2804.24,United Kingdom
14870,2010-01-25,2011-03-23,6,1838.95,United Kingdom
14871,2009-12-01,2011-12-06,9,1258.97,United Kingdom
14872,2010-03-16,2010-08-13,3,816.6,United Kingdom
14873,2010-03-16,2011-05-13,2,854.13,United Kingdom
14874,2010-06-22,2010-06-22,1,116.18,United Kingdom
14875,2010-09-24,2011-08-24,3,2862.4,United Kingdom
14876,2010-05-27,2010-07-06,2,256.7,United Kingdom
14877,2010-03-07,2010-10-17,2,437.0,United Kingdom
14878,2010-02-21,2011-11-27,25,4105.24,United Kingdom
14879,2010-01-24,2010-01-24,1,185.06,United Kingdom
14880,2011-02-24,2011-09-23,3,706.19,United Kingdom
14881,2011-11-20,2011-11-20,1,255.4,United Kingdom
14882,2010-03-30,2011-11-13,14,3628.15,United Kingdom
14883,2011-05-12,2011-11-21,6,761.59,United Kingdom
14884,2010-02-08,2010-02-08,1,120.6,United Kingdom
14885,2010-08-31,2011-07-31,3,1598.12,United Kingdom
14886,2011-04-01,2011-04-01,1,364.8,United Kingdom
14887,2011-09-21,2011-09-21,1,1862.0,United Kingdom
14888,2011-05-16,2011-05-16,1,369.2,United Kingdom
14889,2011-01-07,2011-01-07,1,135.9,United Kingdom
14890,2010-02-18,2011-03-31,3,817.25,United Kingdom
14891,2010-09-29,2011-07-14,4,1106.73,United Kingdom
14892,2010-01-18,2010-01-18,1,202.35,United Kingdom
14893,2010-04-01,2011-11-30,3,1809.61,United Kingdom
14894,2009-12-02,2011-09-15,3,1492.81,United Kingdom
14895,2009-12-10,2011-12-02,38,25119.54,United Kingdom
14896,2009-12-06,2011-05-19,8,2092.42,United Kingdom
14897,2009-12-15,2011-12-02,8,3140.54,United Kingdom
14898,2009-12-03,2011-11-16,14,3507.81,United Kingdom
14899,2010-11-09,2010-11-09,1,1384.88,United Kingdom
14900,2010-07-05,2010-07-05,1,13.92,United Kingdom
14901,2010-07-29,2011-11-28,12,2289.65,United Kingdom
14902,2010-06-04,2011-11-14,3,1035.62,United Kingdom
14903,2011-03-06,2011-11-18,5,2810.63,United Kingdom
14904,2010-10-08,2011-12-07,4,1640.64,United Kingdom
14905,2009-12-03,2011-07-05,8,1971.39,United Kingdom
14907,2010-04-16,2011-12-06,16,6165.79,United Kingdom
14908,2010-09-02,2011-09-26,2,381.9,United Kingdom
14909,2010-02-14,2010-09-28,3,1404.68,United Kingdom
14910,2011-10-16,2011-12-07,4,434.35,United Kingdom
14911,2009-12-01,2011-12-08,376,277202.97,EIRE
14912,2010-01-26,2011-11-23,6,1889.25,Italy
14913,2010-08-11,2011-11-04,8,4073.13,United Kingdom
14915,2009-12-03,2011-09-09,11,1811.25,United Kingdom
14916,2010-04-01,2011-09-30,8,3042.95,United Kingdom
14917,2010-04-22,2010-04-22,2,1123.75,United Kingdom
14918,2010-04-08,2011-08-16,9,5955.81,United Kingdom
14919,2010-06-18,2010-06-18,1,359.35,United Kingdom
14920,2010-05-23,2011-05-11,3,1607.17,United Kingdom
14921,2011-05-22,2011-11-09,2,1316.07,United Kingdom
14922,2010-07-20,2010-11-11,2,843.74,United Kingdom
14923,2011-10-20,2011-10-20,1,749.1,United Kingdom
14924,2010-03-10,2011-04-08,3,931.01,United Kingdom
14926,2010-04-20,2010-11-23,2,359.4,United Kingdom
14927,2010-11-08,2010-11-08,1,308.2,United Kingdom
14928,2010-03-22,2010-03-22,1,223.91,United Kingdom
14929,2010-10-14,2011-11-07,2,836.69,United Kingdom
14930,2010-04-12,2011-08-23,6,5246.63,Channel Islands
14931,2011-04-13,2011-12-05,4,864.68,Channel Islands
14932,2010-11-19,2010-12-09,2,879.66,Channel Islands
14933,2010-09-21,2010-09-22,4,1770.0,Channel Islands
14934,2010-09-24,2011-09-19,5,3403.5,Channel Islands
14935,2010-03-30,2011-02-15,2,2849.83,Channel Islands
14936,2010-05-05,2011-11-06,12,12410.81,Channel Islands
14937,2011-08-01,2011-10-14,3,1621.88,Channel Islands
14938,2010-05-26,2010-05-26,2,2322.43,Channel Islands
14940,2009-12-06,2010-10-18,2,531.49,United Kingdom
14941,2010-05-10,2010-05-10,1,182.1,United Kingdom
14942,2009-12-10,2010-11-03,4,746.56,United Kingdom
14943,2010-02-14,2010-02-14,1,107.62,United Kingdom
14944,2010-02-17,2011-11-10,19,9684.67,United Kingdom
14945,2010-10-22,2010-10-22,1,179.4,United Kingdom
14946,2011-11-25,2011-11-25,1,100.9,United Kingdom
14947,2010-03-25,2011-09-28,6,1049.79,United Kingdom
14948,2011-05-04,2011-11-16,6,1101.97,United Kingdom
14949,2009-12-18,2010-08-27,4,515.0,United Kingdom
14950,2011-11-20,2011-11-20,1,371.2,United Kingdom
14951,2011-09-21,2011-09-21,1,311.69,United Kingdom
14952,2009-12-03,2011-10-11,32,17629.35,United Kingdom
14953,2010-09-30,2011-11-14,4,1011.27,United Kingdom
14954,2010-01-05,2011-11-27,2,503.44,United Kingdom
14955,2009-12-07,2009-12-07,1,163.77,United Kingdom
14956,2010-10-14,2010-10-14,1,1325.0,United Kingdom
14957,2010-03-05,2011-03-31,2,333.29,United Kingdom
14958,2009-12-03,2011-07-15,6,957.94,United Kingdom
14959,2011-02-16,2011-10-06,4,695.42,United Kingdom
14960,2011-06-21,2011-12-01,2,221.27,United Kingdom
14961,2009-12-04,2011-11-29,22,16410.15,United Kingdom
14962,2010-05-04,2011-03-14,4,366.91,United Kingdom
14963,2010-07-02,2011-11-30,12,3164.48,United Kingdom
14964,2011-04-06,2011-04-06,1,206.21,United Kingdom
14965,2011-09-04,2011-09-04,2,599.0,United Kingdom
14966,2009-12-15,2011-11-25,6,1115.84,United Kingdom
14967,2009-12-03,2011-10-21,6,1982.61,United Kingdom
14968,2010-09-07,2011-11-09,2,501.24,United Kingdom
14969,2010-01-05,2010-01-05,1,906.23,United Kingdom
14970,2010-02-14,2011-10-02,12,4919.35,United Kingdom
14971,2011-10-27,2011-11-04,3,1116.57,United Kingdom
14972,2010-11-23,2011-08-03,2,145.07,United Kingdom
14973,2011-04-28,2011-08-24,3,1314.45,United Kingdom
14974,2011-11-02,2011-11-02,1,114.39,United Kingdom
14975,2010-10-14,2011-10-13,2,472.39,United Kingdom
14976,2011-01-17,2011-10-13,6,774.86,United Kingdom
14977,2009-12-14,2009-12-14,1,31.93,United Kingdom
14978,2010-04-28,2011-09-28,10,3142.14,United Kingdom
14979,2009-12-04,2009-12-04,1,439.46,United Kingdom
14980,2009-12-02,2009-12-02,1,150.68,United Kingdom
14981,2010-10-12,2011-04-07,2,372.92,United Kingdom
14982,2010-05-16,2010-05-16,1,234.88,United Kingdom
14983,2010-01-19,2010-01-19,1,183.2,United Kingdom
14984,2010-01-11,2011-11-20,6,1271.41,United Kingdom
14985,2010-12-16,2011-05-25,2,296.75,United Kingdom
14986,2010-01-24,2010-11-28,2,566.9,United Kingdom
14987,2009-12-02,2011-11-24,8,1713.85,United Kingdom
14988,2010-04-16,2011-05-12,7,2066.6,United Kingdom
14989,2010-02-16,2010-02-16,1,342.4,United Kingdom
14990,2009-12-09,2010-04-06,2,305.42,United Kingdom
14991,2010-10-05,2010-10-05,1,314.67,United Kingdom
14992,2010-09-23,2010-09-23,1,210.5,United Kingdom
14993,2010-05-25,2010-05-25,1,36.13,United Kingdom
14994,2010-03-26,2010-11-22,5,956.68,United Kingdom
14995,2011-03-04,2011-11-01,2,233.23,United Kingdom
14996,2010-08-15,2010-08-15,2,442.29,United Kingdom
14997,2010-02-22,2011-10-24,4,776.6,United Kingdom
14998,2010-04-13,2011-06-22,4,770.73,United Kingdom
14999,2010-04-26,2010-04-26,1,129.48,United Kingdom
15000,2011-10-23,2011-10-23,1,490.52,United Kingdom
15001,2010-11-10,2010-11-10,2,228.86,United Kingdom
15002,2010-01-12,2011-08-16,9,4817.28,United Kingdom
15003,2010-01-26,2010-08-23,6,1060.7,United Kingdom
15004,2011-07-15,2011-07-15,1,1245.93,United Kingdom
15005,2009-12-01,2011-11-24,56,14104.2,United Kingdom
15006,2010-09-12,2011-10-19,2,820.19,United Kingdom
15007,2011-07-03,2011-07-03,1,156.91,United Kingdom
15008,2010-03-12,2010-08-16,2,360.0,United Kingdom
15009,2011-11-14,2011-11-27,3,1261.78,United Kingdom
15010,2011-11-04,2011-11-04,1,308.94,United Kingdom
15011,2010-10-19,2010-11-09,2,416.6,United Kingdom
15012,2010-05-12,2011-10-17,3,860.62,United Kingdom
15013,2010-01-31,2010-08-09,10,1641.3,United Kingdom
15014,2011-06-16,2011-10-27,2,260.17,United Kingdom
15015,2009-12-14,2010-07-26,13,2354.52,United Kingdom
15016,2010-06-14,2011-06-20,5,630.3,United Kingdom
15017,2011-11-06,2011-11-06,1,125.58,United Kingdom
15018,2010-12-07,2011-11-01,3,607.46,United Kingdom
15019,2011-03-18,2011-03-18,1,266.0,United Kingdom
15020,2010-11-25,2010-11-25,1,203.42,United Kingdom
15021,2010-07-29,2011-12-01,12,2783.83,United Kingdom
15022,2010-01-31,2011-11-28,5,1186.09,United Kingdom
15023,2010-02-03,2011-12-06,20,12147.53,United Kingdom
15024,2010-10-11,2011-11-30,16,4075.51,United Kingdom
15025,2010-05-20,2011-11-06,2,1005.14,United Kingdom
15026,2010-09-17,2011-09-20,5,1056.81,United Kingdom
15027,2010-03-25,2011-11-09,10,3195.6,United Kingdom
15028,2010-11-10,2011-12-01,6,1157.71,United Kingdom
15029,2010-03-30,2010-03-30,1,365.1,United Kingdom
15030,2010-03-04,2011-09-29,8,1979.91,United Kingdom
15031,2009-12-08,2011-12-05,14,3156.58,United Kingdom
15032,2009-12-10,2011-03-28,8,13780.65,United Kingdom
15033,2011-01-14,2011-12-05,10,2583.37,United Kingdom
15034,2010-05-11,2011-11-24,14,8313.4,United Kingdom
15035,2011-09-11,2011-09-11,1,252.73,United Kingdom
15036,2011-06-13,2011-09-28,3,465.55,United Kingdom
15037,2010-11-28,2010-11-28,2,402.51,United Kingdom
15038,2010-10-10,2011-10-12,9,1309.86,United Kingdom
15039,2009-12-10,2011-11-30,93,40031.43,United Kingdom
15040,2010-06-16,2010-06-16,1,7.49,United Kingdom
15041,2010-09-21,2011-06-22,2,293.6,United Kingdom
15042,2010-04-23,2011-05-24,2,315.45,United Kingdom
15043,2010-06-24,2011-11-08,6,2858.8,United Kingdom
15044,2009-12-16,2011-11-20,32,15949.19,United Kingdom
15045,2011-03-27,2011-07-11,2,735.66,United Kingdom
15046,2010-01-14,2011-11-30,25,7793.44,United Kingdom
15047,2011-03-15,2011-03-15,1,343.62,United Kingdom
15048,2010-12-06,2011-10-05,4,482.75,United Kingdom
15049,2011-03-11,2011-03-11,1,121.17,United Kingdom
15050,2010-08-16,2011-11-14,5,4193.79,United Kingdom
15051,2009-12-01,2011-11-16,9,3935.16,United Kingdom
15052,2011-01-24,2011-01-24,1,215.78,United Kingdom
15053,2011-03-03,2011-12-05,3,697.79,United Kingdom
15054,2011-10-30,2011-11-27,2,302.1,United Kingdom
15055,2009-12-16,2010-08-22,3,560.07,United Kingdom
15056,2010-07-07,2010-07-07,1,133.45,United Kingdom
15057,2009-12-05,2011-03-09,5,3255.96,United Kingdom
15058,2010-02-24,2011-11-14,16,3410.03,United Kingdom
15059,2009-12-06,2011-10-30,19,3522.77,United Kingdom
15060,2011-11-30,2011-12-01,4,301.84,United Kingdom
15061,2009-12-01,2011-12-06,127,137817.07,United Kingdom
15062,2010-04-08,2011-09-29,8,2585.62,United Kingdom
15063,2011-05-10,2011-05-10,1,370.8,United Kingdom
15064,2009-12-22,2010-10-25,4,1154.41,United Kingdom
15065,2010-10-25,2011-11-02,5,3326.86,United Kingdom
15066,2011-10-17,2011-10-17,1,893.59,United Kingdom
15067,2010-04-11,2011-09-22,5,3877.88,United Kingdom
15068,2010-03-28,2011-10-24,4,1176.85,United Kingdom
15069,2011-06-13,2011-06-13,1,1109.53,United Kingdom
15070,2009-12-15,2010-12-02,3,843.25,United Kingdom
15071,2010-05-18,2011-09-07,4,1455.56,United Kingdom
15072,2010-08-17,2010-08-17,1,187.52,United Kingdom
15073,2010-01-27,2011-11-30,8,2788.02,United Kingdom
15074,2010-08-29,2011-08-26,3,1566.33,United Kingdom
15075,2011-09-23,2011-09-23,1,773.03,United Kingdom
15076,2010-07-05,2011-06-20,3,1447.74,United Kingdom
15077,2009-12-09,2010-08-02,2,2428.08,United Kingdom
15078,2009-12-04,2011-12-02,52,17751.88,United Kingdom
15079,2009-12-08,2011-05-11,11,3767.35,United Kingdom
15080,2010-07-26,2010-10-08,2,546.25,United Kingdom
15081,2010-06-22,2011-11-17,12,1965.72,United Kingdom
15082,2010-02-09,2010-02-09,1,93.35,United Kingdom
15083,2011-03-28,2011-03-28,1,88.2,United Kingdom
15084,2010-03-04,2010-11-25,2,965.2,United Kingdom
15085,2009-12-10,2009-12-10,1,347.54,United Kingdom
15086,2010-03-24,2010-05-24,2,218.53,United Kingdom
15087,2011-03-03,2011-03-03,1,306.94,United Kingdom
15088,2011-10-03,2011-11-18,2,1160.07,United Kingdom
15089,2011-08-03,2011-11-29,6,2420.84,United Kingdom
15090,2011-02-04,2011-02-04,1,381.32,United Kingdom
15091,2010-02-03,2011-10-03,3,1046.61,United Kingdom
15092,2010-09-03,2011-05-08,3,776.46,United Kingdom
15093,2009-12-08,2011-11-21,23,14326.11,United Kingdom
15094,2010-03-05,2010-09-02,2,83.0,United Kingdom
15095,2010-01-21,2011-08-28,10,3141.64,United Kingdom
15096,2011-10-28,2011-10-28,1,219.39,United Kingdom
15097,2010-05-05,2011-12-05,3,908.35,United Kingdom
15098,2011-06-10,2011-06-10,3,39916.5,United Kingdom
15099,2011-09-16,2011-09-16,1,410.48,United Kingdom
15100,2010-01-07,2011-01-10,7,2894.7,United Kingdom
15101,2010-04-28,2011-12-01,6,1477.94,United Kingdom
15102,2010-06-11,2010-06-27,2,554.67,United Kingdom
15103,2011-09-14,2011-11-08,2,703.36,United Kingdom
15104,2011-03-02,2011-05-27,2,1027.44,United Kingdom
15105,2010-03-23,2011-11-21,9,3094.91,United Kingdom
15106,2011-03-15,2011-11-22,5,1422.52,United Kingdom
15107,2010-09-14,2011-02-01,9,940.35,United Kingdom
15108,2011-04-26,2011-07-21,3,1159.25,European Community
15109,2009-12-04,2011-04-08,3,983.1,United Kingdom
15110,2010-08-11,2011-11-16,6,1505.85,United Kingdom
15111,2010-04-26,2011-11-10,5,2730.87,United Kingdom
15112,2010-04-07,2010-04-07,1,209.4,United Kingdom
15113,2011-10-16,2011-11-30,3,3608.94,United Kingdom
15114,2010-10-14,2011-11-09,12,3400.12,United Kingdom
15115,2009-12-07,2011-11-21,2,531.85,United Kingdom
15116,2011-05-19,2011-11-22,4,1352.75,United Kingdom
15117,2010-03-15,2011-11-25,8,2485.97,United Kingdom
15118,2011-07-28,2011-07-28,1,244.8,United Kingdom
15119,2011-04-08,2011-04-08,1,266.4,United Kingdom
15120,2011-07-29,2011-07-29,1,358.82,United Kingdom
15121,2011-02-24,2011-10-20,2,457.72,United Kingdom
15122,2010-03-30,2011-08-17,11,4497.47,United Kingdom
15123,2010-03-16,2011-12-02,5,4656.17,United Kingdom
15124,2010-02-26,2011-11-17,4,450.82,United Kingdom
15125,2010-03-31,2011-11-14,24,17024.87,United Kingdom
15126,2010-01-21,2010-06-21,2,449.49,United Kingdom
15127,2010-07-08,2011-10-05,2,711.5,United Kingdom
15128,2010-10-05,2011-10-10,5,1783.68,United Kingdom
15129,2010-04-08,2011-10-20,23,6860.18,United Kingdom
15130,2011-06-23,2011-06-23,1,330.11,United Kingdom
15131,2010-11-10,2010-11-10,1,80.28,United Kingdom
15132,2011-03-22,2011-11-21,5,977.93,United Kingdom
15133,2010-07-07,2011-08-04,5,1806.9,United Kingdom
15134,2010-10-13,2011-11-25,10,1596.29,United Kingdom
15135,2010-06-01,2011-04-14,2,305.68,United Kingdom
15136,2011-09-04,2011-12-07,4,1286.7,United Kingdom
15137,2010-01-28,2010-07-07,2,823.4,United Kingdom
15138,2010-11-11,2010-11-11,1,502.52,United Kingdom
15139,2011-01-07,2011-04-14,2,178.96,United Kingdom
15140,2010-09-23,2011-10-18,8,3243.69,United Kingdom
15141,2010-03-28,2010-09-08,7,1388.47,United Kingdom
15142,2010-07-27,2011-10-24,6,2619.92,United Kingdom
15143,2010-10-03,2011-04-28,2,563.63,United Kingdom
15144,2009-12-13,2011-12-01,29,12160.31,United Kingdom
15145,2011-04-05,2011-12-05,4,1194.73,United Kingdom
15146,2011-02-21,2011-06-28,2,1327.16,United Kingdom
15147,2011-04-13,2011-04-13,1,623.5,United Kingdom
15148,2011-11-29,2011-11-29,1,301.29,United Kingdom
15149,2010-02-28,2011-07-29,4,1524.61,United Kingdom
15150,2010-06-14,2011-11-22,13,9001.08,United Kingdom
15151,2010-07-18,2010-10-12,2,2085.61,United Kingdom
15152,2010-01-07,2011-11-30,14,5263.83,United Kingdom
15153,2011-11-08,2011-11-08,1,329.25,United Kingdom
15154,2010-08-18,2011-09-25,3,1388.41,United Kingdom
15155,2010-11-21,2010-11-21,1,383.97,United Kingdom
15156,2011-11-06,2011-12-08,3,961.49,United Kingdom
15157,2009-12-10,2011-12-06,5,2654.11,United Kingdom
15158,2010-11-03,2011-10-25,2,606.02,United Kingdom
15159,2010-10-04,2011-12-08,34,22116.73,United Kingdom
15160,2010-10-14,2010-12-17,4,589.27,United Kingdom
15161,2010-11-16,2010-11-16,1,119.92,United Kingdom
15162,2009-12-08,2009-12-08,1,312.9,United Kingdom
15163,2011-05-31,2011-11-21,2,304.47,United Kingdom
15164,2010-01-18,2011-10-02,9,2068.92,United Kingdom
15165,2010-12-01,2010-12-01,1,975.5,United Kingdom
15166,2010-08-29,2010-08-29,1,167.16,United Kingdom
15167,2010-02-04,2011-01-23,5,1659.67,United Kingdom
15168,2011-11-14,2011-11-14,1,106.56,United Kingdom
15169,2009-12-13,2010-11-22,2,569.22,United Kingdom
15170,2010-10-29,2010-10-29,1,81.15,United Kingdom
15171,2011-01-12,2011-01-12,1,1289.5,United Kingdom
15172,2011-04-17,2011-12-01,5,1624.05,United Kingdom
15173,2010-04-01,2010-11-24,7,1494.6,United Kingdom
15174,2010-10-25,2011-01-21,2,481.46,United Kingdom
15175,2011-09-29,2011-09-29,1,224.14,United Kingdom
15176,2010-02-10,2010-02-10,1,988.04,United Kingdom
15177,2010-10-10,2010-10-10,1,948.93,United Kingdom
15178,2011-03-24,2011-03-24,1,40.5,United Kingdom
15179,2009-12-03,2011-11-21,13,7491.92,United Kingdom
15180,2010-04-29,2010-12-07,3,904.43,United Kingdom
15181,2009-12-08,2011-10-04,5,1200.2,United Kingdom
15182,2010-02-21,2011-07-08,11,2998.95,United Kingdom
15183,2010-05-04,2010-06-10,3,639.93,United Kingdom
15184,2009-12-16,2011-11-10,4,689.95,United Kingdom
15185,2011-09-30,2011-09-30,1,310.62,United Kingdom
15186,2010-01-12,2011-11-25,5,1403.2,United Kingdom
15187,2011-05-11,2011-12-08,15,4762.18,United Kingdom
15188,2009-12-14,2009-12-14,1,310.43,United Kingdom
15189,2010-07-18,2011-12-08,46,17524.38,United Kingdom
15190,2010-10-01,2010-10-01,1,834.44,United Kingdom
15191,2010-01-20,2010-09-02,3,588.05,United Kingdom
15192,2010-01-29,2011-08-12,5,1981.39,United Kingdom
15193,2011-10-10,2011-10-10,1,499.32,United Kingdom
15194,2009-12-03,2011-12-06,28,12427.69,United Kingdom
15195,2011-12-07,2011-12-07,1,3861.0,United Kingdom
15196,2009-12-13,2010-10-03,2,316.25,United Kingdom
15197,2009-12-11,2011-11-29,6,1877.51,United Kingdom
15198,2010-01-19,2011-09-08,5,571.35,United Kingdom
15199,2010-05-13,2011-10-11,10,3122.4,United Kingdom
15200,2010-08-02,2010-08-02,1,549.05,United Kingdom
15201,2010-04-07,2011-09-13,7,1842.95,United Kingdom
15203,2009-12-08,2011-11-14,15,4400.18,United Kingdom
15204,2010-12-17,2010-12-17,1,316.58,United Kingdom
15205,2011-08-04,2011-09-15,2,653.24,United Kingdom
15206,2011-03-09,2011-11-29,4,420.3,United Kingdom
15207,2010-06-10,2010-10-19,3,683.92,United Kingdom
15208,2010-10-12,2011-12-08,6,970.52,United Kingdom
15209,2009-12-09,2009-12-09,1,178.98,United Kingdom
15210,2010-05-13,2011-04-28,3,1176.19,United Kingdom
15211,2010-12-09,2011-10-10,2,1277.48,United Kingdom
15212,2010-11-28,2011-04-12,2,208.28,United Kingdom
15213,2011-01-14,2011-01-25,2,328.35,United Kingdom
15214,2011-04-11,2011-12-08,8,1661.44,United Kingdom
15215,2010-04-06,2011-10-24,7,2422.43,United Kingdom
15216,2010-03-31,2011-09-13,2,486.09,United Kingdom
15217,2010-05-25,2010-05-25,1,426.24,United Kingdom
15218,2010-01-26,2011-11-29,22,11501.57,United Kingdom
15219,2010-03-01,2011-06-16,2,685.45,United Kingdom
15220,2011-03-04,2011-10-19,6,1778.96,United Kingdom
15221,2010-03-12,2010-12-08,4,2465.45,United Kingdom
15222,2009-12-16,2011-01-25,11,3550.91,United Kingdom
15223,2009-12-05,2011-04-28,5,1417.95,United Kingdom
15224,2010-01-15,2010-12-16,5,871.36,United Kingdom
15225,2011-04-19,2011-04-19,1,409.4,United Kingdom
15226,2011-02-02,2011-02-02,1,154.41,United Kingdom
15227,2010-03-16,2011-11-03,9,2488.49,United Kingdom
15228,2010-07-28,2011-10-04,6,5580.27,United Kingdom
15229,2010-05-02,2010-05-02,1,160.5,United Kingdom
15230,2011-04-13,2011-04-14,2,429.6,United Kingdom
15231,2010-03-28,2010-03-28,1,250.26,United Kingdom
15232,2011-07-22,2011-08-18,2,612.06,United Kingdom
15233,2010-11-03,2010-11-03,1,59.4,United Kingdom
15234,2011-03-08,2011-03-08,1,197.0,United Kingdom
15235,2010-11-16,2011-05-06,16,2937.81,United Kingdom
15236,2011-02-14,2011-02-14,1,321.05,United Kingdom
15237,2011-04-26,2011-12-08,4,1412.32,United Kingdom
15238,2011-06-08,2011-11-10,3,1071.99,United Kingdom
15239,2011-09-22,2011-11-29,2,780.59,United Kingdom
15240,2009-12-05,2011-10-26,12,4459.98,United Kingdom
15241,2010-02-23,2011-10-04,11,3050.16,United Kingdom
15242,2010-10-13,2010-10-13,1,302.04,United Kingdom
15243,2010-09-30,2011-09-26,2,927.28,United Kingdom
15244,2010-02-11,2011-10-05,3,912.08,United Kingdom
15245,2010-04-23,2011-07-28,8,4610.84,United Kingdom
15246,2010-06-02,2011-04-15,3,780.4,United Kingdom
15247,2010-06-20,2011-08-09,3,976.06,United Kingdom
15248,2010-06-23,2010-10-24,3,1893.93,United Kingdom
15249,2010-03-26,2011-11-08,18,9266.0,United Kingdom
15250,2010-03-09,2010-03-09,1,60.0,United Kingdom
15251,2010-01-29,2011-11-30,21,20324.54,United Kingdom
15252,2010-04-07,2011-11-03,5,2103.41,United Kingdom
15253,2010-05-02,2011-11-23,8,2055.09,United Kingdom
15254,2010-05-28,2011-08-04,3,1088.35,United Kingdom
15255,2009-12-03,2011-10-04,9,3729.42,United Kingdom
15256,2010-05-27,2011-07-14,2,170.4,United Kingdom
15257,2010-10-21,2011-03-01,2,685.9,United Kingdom
15258,2011-05-06,2011-06-24,2,623.16,United Kingdom
15259,2010-01-26,2010-07-15,4,1182.38,United Kingdom
15260,2009-12-06,2011-08-31,25,9188.23,United Kingdom
15261,2010-10-01,2011-07-27,4,1508.0,United Kingdom
15262,2010-08-08,2011-01-20,3,418.82,United Kingdom
15263,2011-08-25,2011-08-25,1,156.51,United Kingdom
15264,2010-06-27,2011-10-06,2,848.4,United Kingdom
15265,2009-12-01,2011-07-11,4,3345.64,United Kingdom
15266,2010-01-07,2011-01-05,5,852.21,United Kingdom
15267,2011-06-10,2011-11-17,5,1717.36,United Kingdom
15268,2010-04-13,2010-08-18,3,961.9,United Kingdom
15269,2010-11-14,2011-11-16,3,1225.36,United Kingdom
15270,2009-12-17,2011-11-24,21,8524.86,United Kingdom
15271,2010-08-05,2011-12-02,24,4709.54,United Kingdom
15272,2010-02-14,2011-10-13,6,2085.48,United Kingdom
15273,2010-04-19,2010-04-19,1,228.96,United Kingdom
15274,2011-11-21,2011-12-05,2,716.57,United Kingdom
15275,2011-11-02,2011-11-02,1,615.14,United Kingdom
15276,2010-10-01,2011-10-04,4,649.53,United Kingdom
15277,2010-10-10,2011-10-24,2,476.34,United Kingdom
15278,2010-02-12,2010-05-27,4,496.16,United Kingdom
15279,2010-02-02,2010-12-20,5,1580.54,United Kingdom
15280,2010-05-17,2011-06-20,3,406.22,United Kingdom
15281,2010-10-08,2011-10-12,16,8543.57,United Kingdom
15282,2010-05-18,2010-05-18,1,348.59,United Kingdom
15283,2010-07-09,2010-11-14,3,148.33,United Kingdom
15284,2010-07-27,2010-07-27,1,24.75,United Kingdom
15285,2010-10-28,2010-10-28,1,94.92,United Kingdom
15286,2011-10-21,2011-10-21,1,240.55,United Kingdom
15287,2009-12-02,2011-11-17,5,856.03,United Kingdom
15288,2010-02-12,2011-10-27,10,3874.28,United Kingdom
15289,2010-03-28,2011-11-10,5,1593.09,United Kingdom
15290,2010-02-24,2011-12-05,26,10496.28,United Kingdom
15291,2009-12-03,2011-11-14,39,13801.56,United Kingdom
15292,2011-05-22,2011-05-22,1,180.94,United Kingdom
15293,2010-02-12,2010-02-12,1,247.5,United Kingdom
15294,2010-10-25,2010-10-25,1,233.35,United Kingdom
15295,2010-02-23,2010-02-23,1,217.24,United Kingdom
15296,2010-01-21,2011-10-20,12,10342.83,United Kingdom
15297,2011-10-07,2011-11-29,3,641.94,United Kingdom
15298,2009-12-08,2011-12-07,23,9459.37,United Kingdom
15299,2010-01-12,2011-10-03,9,7391.54,United Kingdom
15300,2011-10-06,2011-10-06,1,496.44,United Kingdom
15301,2010-09-15,2011-10-20,17,7603.44,United Kingdom
15302,2009-12-09,2009-12-09,1,308.0,United Kingdom
15303,2010-01-25,2011-02-22,3,1224.18,United Kingdom
15304,2010-10-14,2011-10-10,9,919.55,United Kingdom
15305,2010-06-02,2010-06-02,1,93.6,United Kingdom
15306,2010-02-18,2011-10-06,9,3484.73,United Kingdom
15307,2011-09-05,2011-09-05,1,205.3,United Kingdom
15308,2011-03-10,2011-03-10,1,310.47,United Kingdom
15309,2009-12-04,2010-04-08,4,797.96,United Kingdom
15310,2010-08-18,2010-08-18,1,1634.64,United Kingdom
15311,2009-12-01,2011-12-09,207,116476.16,United Kingdom
15312,2009-12-16,2011-09-25,12,2930.19,United Kingdom
15313,2011-08-21,2011-08-21,1,52.0,United Kingdom
15314,2010-10-07,2011-05-24,3,820.45,United Kingdom
15315,2011-08-15,2011-10-06,2,570.5,United Kingdom
15316,2011-01-17,2011-01-17,1,165.0,United Kingdom
15317,2010-01-31,2010-01-31,1,129.75,United Kingdom
15318,2011-12-06,2011-12-06,1,312.62,United Kingdom
15319,2011-03-01,2011-03-01,1,204.5,United Kingdom
15320,2011-10-26,2011-10-26,1,267.13,United Kingdom
15321,2010-02-03,2011-09-30,12,6709.73,United Kingdom
15322,2010-08-20,2011-09-15,2,1390.86,United Kingdom
15323,2010-02-16,2010-05-26,3,434.6,United Kingdom
15324,2010-01-07,2010-01-07,1,140.22,United Kingdom
15325,2010-02-16,2011-08-28,8,1602.01,United Kingdom
15326,2009-12-01,2011-01-10,5,1700.52,United Kingdom
15327,2011-10-18,2011-10-18,1,208.75,United Kingdom
15328,2010-10-28,2010-10-28,1,107.24,United Kingdom
15329,2009-12-14,2011-10-31,11,2984.33,United Kingdom
15330,2011-10-10,2011-11-07,2,714.96,United Kingdom
15331,2010-04-09,2010-07-28,3,767.91,United Kingdom
15332,2010-07-14,2010-12-08,6,6553.74,Lithuania
15333,2011-05-15,2011-05-15,1,1028.56,United Kingdom
15334,2011-06-19,2011-07-06,3,348.72,United Kingdom
15335,2011-10-17,2011-10-17,1,173.97,United Kingdom
15336,2010-11-03,2010-11-03,1,240.5,United Kingdom
15337,2010-10-24,2010-10-24,1,373.02,United Kingdom
15338,2010-01-31,2010-01-31,1,283.43,United Kingdom
15339,2010-02-08,2011-10-04,7,1827.84,United Kingdom
15340,2010-05-27,2010-05-27,1,105.5,United Kingdom
15341,2010-09-16,2011-09-20,2,2402.72,United Kingdom
15342,2011-08-02,2011-08-02,1,406.09,United Kingdom
15343,2011-09-13,2011-09-13,1,364.5,United Kingdom
15344,2011-09-26,2011-12-09,3,563.94,United Kingdom
15345,2011-10-25,2011-10-25,1,393.54,United Kingdom
15346,2010-10-04,2011-01-11,3,596.12,United Kingdom
15347,2010-09-28,2010-12-08,4,1363.6,United Kingdom
15348,2011-09-28,2011-09-28,1,158.04,United Kingdom
15349,2011-06-05,2011-07-04,2,473.81,United Kingdom
15350,2010-11-21,2010-12-01,2,663.25,United Kingdom
15351,2010-10-03,2011-11-27,10,3738.29,United Kingdom
15352,2010-06-09,2010-06-09,1,114.95,United Kingdom
15353,2009-12-02,2011-03-30,7,3175.95,United Kingdom
15355,2011-10-17,2011-11-10,2,277.05,United Kingdom
15356,2010-10-13,2011-11-08,13,3464.95,United Kingdom
15358,2009-12-07,2011-12-05,42,17050.41,United Kingdom
15359,2010-01-15,2010-02-15,8,181.35,United Kingdom
15360,2011-10-31,2011-10-31,1,427.93,United Kingdom
15361,2010-06-14,2010-12-13,4,689.07,United Kingdom
15362,2009-12-01,2010-09-17,2,613.08,United Kingdom
15363,2010-08-04,2010-12-02,2,1004.11,United Kingdom
15364,2011-03-30,2011-09-05,2,913.19,United Kingdom
15365,2010-02-04,2011-11-14,13,4557.13,United Kingdom
15366,2010-02-26,2011-09-25,7,2389.08,United Kingdom
15367,2009-12-10,2011-10-13,11,5081.33,United Kingdom
15368,2010-11-10,2011-11-18,2,722.74,United Kingdom
15369,2009-12-08,2010-08-04,11,6251.26,United Kingdom
15370,2010-10-25,2011-10-30,8,3739.01,United Kingdom
15371,2010-02-15,2010-02-15,1,59.4,United Kingdom
15372,2010-02-14,2011-07-25,8,6017.06,United Kingdom
15373,2010-05-02,2011-12-01,17,3421.39,United Kingdom
15374,2010-03-25,2011-08-03,2,307.32,United Kingdom
15375,2010-01-18,2010-01-18,1,60.96,United Kingdom
15376,2011-05-01,2011-10-30,3,1233.36,United Kingdom
15377,2010-10-20,2010-11-22,4,1211.75,United Kingdom
15378,2010-07-26,2010-09-03,2,246.5,United Kingdom
15379,2010-11-04,2011-06-23,8,4877.84,United Kingdom
15380,2009-12-01,2011-12-01,11,3479.06,United Kingdom
15381,2010-05-05,2011-05-10,5,1890.57,United Kingdom
15382,2009-12-04,2011-11-25,12,13733.55,United Kingdom
15384,2010-04-26,2011-06-23,4,2027.79,United Kingdom
15385,2010-01-31,2011-10-30,3,942.08,United Kingdom
15386,2011-06-06,2011-06-06,1,394.14,United Kingdom
15387,2010-08-04,2010-08-04,1,468.65,United Kingdom
15388,2011-03-14,2011-03-14,1,140.54,Canada
15389,2010-01-27,2011-06-20,5,2733.8,United Kingdom
15390,2010-10-26,2010-11-08,2,1216.66,Canada
15391,2010-05-04,2010-05-04,1,289.87,United Kingdom
15392,2010-10-04,2011-12-05,7,2911.62,United Kingdom
15393,2009-12-15,2011-11-23,5,891.34,United Kingdom
15394,2009-12-15,2011-11-30,11,5286.8,United Kingdom
15395,2011-01-18,2011-01-18,1,107.45,United Kingdom
15396,2010-05-05,2011-08-19,2,796.38,United Kingdom
15397,2011-02-23,2011-02-23,1,94.0,United Kingdom
15398,2011-09-22,2011-11-23,2,1345.53,United Kingdom
15399,2011-09-21,2011-12-08,3,815.77,United Kingdom
15400,2010-05-28,2011-09-08,8,1302.3,United Kingdom
15401,2010-05-20,2010-09-13,2,216.95,United Kingdom
15402,2010-04-27,2011-07-14,6,1830.12,United Kingdom
15403,2009-12-09,2010-08-05,2,170.88,United Kingdom
15404,2010-11-29,2010-11-29,1,257.06,United Kingdom
15405,2010-05-12,2011-06-03,2,659.84,United Kingdom
15406,2010-09-12,2011-11-08,4,975.87,United Kingdom
15407,2011-02-07,2011-11-06,4,1056.44,United Kingdom
15408,2011-03-20,2011-03-20,1,267.18,United Kingdom
15409,2009-12-18,2009-12-18,1,131.25,United Kingdom
15410,2010-04-19,2011-09-16,10,4685.72,United Kingdom
15411,2011-06-10,2011-11-13,4,1358.88,United Kingdom
15412,2011-06-21,2011-06-21,1,190.53,United Kingdom
15413,2009-12-01,2010-01-17,5,6798.72,United Kingdom
15414,2011-04-11,2011-11-30,3,774.9,United Kingdom
15415,2011-01-30,2011-01-30,1,572.81,United Kingdom
15416,2010-02-01,2011-10-06,7,4572.82,United Kingdom
15417,2011-09-15,2011-09-15,1,508.8,United Kingdom
15418,2010-05-02,2010-10-10,2,452.32,United Kingdom
15419,2011-11-15,2011-11-15,1,135.86,United Kingdom
15420,2009-12-05,2010-10-01,6,743.0,United Kingdom
15421,2009-12-07,2011-10-12,10,3805.34,United Kingdom
15422,2010-02-07,2011-01-20,7,1619.97,United Kingdom
15423,2010-03-28,2011-11-01,3,266.89,United Kingdom
15424,2010-09-02,2011-03-30,3,597.78,United Kingdom
15425,2010-02-14,2010-11-04,4,1944.57,United Kingdom
15426,2010-05-02,2011-11-20,9,2615.39,United Kingdom
15427,2011-10-23,2011-11-06,3,1483.14,United Kingdom
15428,2009-12-17,2011-11-24,4,762.75,United Kingdom
15429,2011-09-25,2011-11-13,2,397.35,United Kingdom
15430,2010-06-29,2010-08-29,2,954.75,United Kingdom
15431,2010-07-25,2010-07-25,1,153.24,United Kingdom
15432,2010-06-16,2011-11-16,2,320.76,United Kingdom
15433,2011-03-17,2011-05-10,2,533.3,United Kingdom
15434,2010-01-24,2011-12-01,11,2567.06,United Kingdom
15435,2011-11-17,2011-11-17,1,149.29,United Kingdom
15436,2011-04-19,2011-11-27,3,1122.53,United Kingdom
15437,2010-03-09,2011-03-22,2,393.45,United Kingdom
15438,2011-07-31,2011-07-31,1,156.58,United Kingdom
15439,2010-02-24,2010-10-31,4,1269.05,United Kingdom
15440,2011-05-15,2011-10-16,3,383.68,United Kingdom
15441,2009-12-09,2010-11-08,3,1254.21,United Kingdom
15442,2011-04-05,2011-04-05,1,594.0,United Kingdom
15443,2010-03-07,2011-12-08,14,5175.93,United Kingdom
15444,2011-10-30,2011-11-30,2,1418.26,United Kingdom
15445,2010-04-28,2011-03-20,2,284.5,United Kingdom
15446,2009-12-13,2010-11-28,3,403.95,United Kingdom
15447,2010-03-24,2011-01-13,5,492.88,United Kingdom
15448,2010-02-03,2011-01-31,2,788.81,United Kingdom
15449,2011-03-23,2011-11-13,3,974.52,United Kingdom
15450,2011-11-09,2011-11-09,1,429.84,United Kingdom
15451,2010-04-19,2010-10-01,2,233.21,United Kingdom
15452,2010-07-16,2011-11-10,6,1799.11,United Kingdom
15453,2011-06-05,2011-12-08,7,1388.37,United Kingdom
15454,2010-03-31,2010-12-12,2,305.59,United Kingdom
15455,2010-04-21,2010-04-21,1,38.25,United Kingdom
15456,2009-12-08,2011-03-01,10,2119.27,United Kingdom
15457,2011-03-22,2011-03-22,1,237.07,United Kingdom
15458,2010-11-02,2011-11-14,2,370.44,United Kingdom
15459,2010-07-30,2010-10-18,2,202.83,United Kingdom
15460,2010-12-20,2010-12-20,1,216.76,United Kingdom
15461,2010-03-18,2010-09-05,2,429.7,United Kingdom
15462,2010-09-20,2011-09-06,4,737.05,United Kingdom
15463,2011-11-10,2011-11-10,1,126.14,United Kingdom
15464,2011-01-05,2011-01-05,1,1048.85,United Kingdom
15465,2009-12-10,2011-11-20,32,12655.65,United Kingdom
15466,2009-12-03,2011-09-15,4,1571.01,United Kingdom
15467,2011-07-10,2011-11-30,3,524.88,United Kingdom
15468,2010-11-12,2011-10-19,3,1430.48,United Kingdom
15469,2010-09-27,2011-10-20,3,874.25,United Kingdom
15470,2010-05-13,2010-05-13,1,63.42,United Kingdom
15471,2010-06-07,2011-12-07,3,1316.56,United Kingdom
15472,2011-08-18,2011-08-18,1,371.56,United Kingdom
15473,2010-09-21,2011-11-25,8,2046.0,United Kingdom
15474,2010-04-23,2010-04-23,1,163.1,United Kingdom
15475,2011-09-23,2011-09-23,1,454.11,United Kingdom
15476,2010-09-23,2010-11-24,4,2209.98,United Kingdom
15477,2010-02-28,2010-02-28,1,368.4,United Kingdom
15478,2010-05-13,2011-10-30,3,1982.48,United Kingdom
15479,2009-12-06,2009-12-06,1,147.4,United Kingdom
15480,2010-02-01,2011-08-15,3,3592.25,Malta
15481,2010-11-03,2010-11-03,1,1993.34,Norway
15482,2009-12-02,2011-11-24,18,14552.56,United Kingdom
15483,2010-01-24,2011-07-01,10,855.06,United Kingdom
15484,2009-12-05,2011-12-08,6,4656.0,United Kingdom
15485,2009-12-01,2011-11-09,7,5771.51,United Kingdom
15486,2010-06-30,2010-06-30,1,102.0,United Kingdom
15487,2010-01-29,2010-01-29,1,231.32,United Kingdom
15488,2010-05-05,2011-09-08,5,431.92,United Kingdom
15489,2010-01-15,2011-11-17,8,2419.61,United Kingdom
15490,2010-10-05,2010-10-05,1,217.6,United Kingdom
15491,2011-04-18,2011-09-05,6,3100.09,United Kingdom
15492,2011-09-26,2011-11-11,2,659.46,United Kingdom
15493,2010-02-23,2011-11-07,9,4306.49,United Kingdom
15494,2009-12-10,2011-11-18,5,3780.05,United Kingdom
15495,2010-11-25,2010-11-25,1,246.5,United Kingdom
15496,2010-03-18,2010-03-18,1,146.14,United Kingdom
15497,2009-12-18,2011-11-22,9,8657.39,United Kingdom
15498,2009-12-16,2011-12-07,44,26039.58,United Kingdom
15499,2009-12-16,2009-12-16,1,161.6,United Kingdom
15500,2011-09-19,2011-12-01,4,1131.56,United Kingdom
15501,2010-10-20,2010-10-31,2,402.5,United Kingdom
15502,2010-06-03,2011-11-24,12,10532.52,United Kingdom
15503,2009-12-13,2010-12-12,2,267.15,United Kingdom
15504,2010-02-12,2011-09-19,4,412.6,United Kingdom
15505,2011-07-07,2011-10-18,5,3610.96,United Kingdom
15506,2010-08-19,2011-11-17,6,2040.03,United Kingdom
15507,2011-06-21,2011-06-21,1,492.36,United Kingdom
15508,2011-04-18,2011-06-03,6,1000.27,United Kingdom
15509,2010-11-24,2010-11-24,1,166.51,United Kingdom
15510,2011-01-13,2011-01-13,1,250.0,United Kingdom
15511,2011-09-15,2011-11-28,5,909.23,United Kingdom
15512,2010-02-01,2011-07-07,4,331.58,United Kingdom
15513,2010-01-13,2011-11-06,35,27750.55,United Kingdom
15514,2009-12-04,2011-11-27,18,6594.77,United Kingdom
15515,2010-11-17,2010-11-17,1,171.81,United Kingdom
15516,2011-10-24,2011-10-26,3,62.43,United Kingdom
15517,2011-04-20,2011-04-20,1,267.03,United Kingdom
15518,2009-12-20,2011-10-06,15,4218.94,United Kingdom
15519,2010-09-19,2010-11-21,2,344.61,United Kingdom
15520,2011-12-08,2011-12-08,1,343.5,United Kingdom
15521,2010-01-05,2011-10-30,16,7096.09,United Kingdom
15522,2011-09-13,2011-11-07,2,398.84,United Kingdom
15523,2009-12-02,2011-09-16,16,17359.99,United Kingdom
15524,2010-04-12,2011-11-15,2,591.4,United Kingdom
15525,2010-11-22,2011-12-07,4,1293.2,United Kingdom
15526,2011-11-06,2011-11-06,2,148.44,United Kingdom
15527,2009-12-15,2011-11-21,23,5574.79,United Kingdom
15528,2011-03-30,2011-03-30,1,229.33,United Kingdom
15529,2010-11-10,2011-11-17,12,5109.4,United Kingdom
15530,2010-07-15,2011-11-18,5,1813.72,United Kingdom
15531,2011-11-09,2011-12-01,2,2007.44,United Kingdom
15532,2010-06-08,2011-11-14,10,3750.25,United Kingdom
15533,2011-09-11,2011-11-20,3,807.57,United Kingdom
15534,2009-12-14,2009-12-14,1,162.25,United Kingdom
15535,2010-09-16,2011-06-19,6,1087.82,United Kingdom
15536,2010-10-26,2010-10-26,1,259.09,United Kingdom
15537,2011-06-29,2011-06-29,1,110.92,United Kingdom
15538,2010-02-14,2010-06-20,6,3358.4,United Kingdom
15539,2011-12-02,2011-12-02,1,538.46,United Kingdom
15540,2010-11-29,2011-11-28,2,460.68,United Kingdom
15541,2011-08-17,2011-08-17,1,85.13,United Kingdom
15542,2009-12-02,2010-07-15,3,918.45,United Kingdom
15543,2010-09-06,2011-02-24,2,242.84,United Kingdom
15544,2010-01-28,2011-11-30,20,8162.43,United Kingdom
15545,2010-12-03,2011-10-16,2,428.05,United Kingdom
15546,2010-04-12,2010-04-12,2,1079.1,United Kingdom
15547,2009-12-06,2011-12-02,26,10099.99,United Kingdom
15548,2010-04-23,2010-04-23,1,158.09,United Kingdom
15549,2010-01-11,2011-09-23,8,2342.21,United Kingdom
15550,2009-12-03,2011-12-05,12,2218.8,United Kingdom
15551,2010-06-07,2011-11-03,7,1710.08,United Kingdom
15552,2010-03-26,2011-05-06,2,252.52,United Kingdom
15553,2011-10-10,2011-10-10,1,437.23,United Kingdom
15554,2011-03-07,2011-03-07,1,217.2,United Kingdom
15555,2009-12-06,2011-11-27,36,12102.22,United Kingdom
15556,2011-11-15,2011-11-15,1,279.77,United Kingdom
15557,2011-11-11,2011-11-11,1,473.65,United Kingdom
15558,2010-03-10,2010-03-10,1,214.13,United Kingdom
15559,2010-05-20,2010-05-20,1,1109.4,United Kingdom
15560,2010-11-07,2010-11-07,2,153.52,United Kingdom
15561,2010-02-14,2011-11-28,8,1934.39,United Kingdom
15562,2009-12-13,2010-12-23,3,673.38,United Kingdom
15563,2010-01-28,2011-11-17,6,2828.0,United Kingdom
15564,2010-02-01,2010-09-02,2,70.74,United Kingdom
15565,2011-09-30,2011-10-20,2,173.16,United Kingdom
15566,2009-12-15,2010-11-12,2,227.87,United Kingdom
15567,2011-11-21,2011-11-21,1,186.01,United Kingdom
15568,2011-09-27,2011-12-07,3,758.29,United Kingdom
15569,2010-02-28,2011-08-28,10,3586.35,United Kingdom
15570,2010-03-28,2011-12-02,25,9311.04,United Kingdom
15571,2009-12-06,2011-11-28,14,4051.63,United Kingdom
15572,2010-04-14,2011-12-05,10,4068.67,United Kingdom
15573,2009-12-10,2011-11-08,5,1199.23,United Kingdom
15574,2010-09-01,2011-06-15,6,1518.7,United Kingdom
15575,2010-03-30,2010-03-30,1,30.1,United Kingdom
15576,2011-11-02,2011-11-02,1,940.67,United Kingdom
15577,2009-12-13,2011-07-11,5,397.98,United Kingdom
15578,2011-06-30,2011-06-30,1,127.1,United Kingdom
15579,2010-10-03,2011-10-02,5,1302.5,United Kingdom
15580,2010-02-07,2010-11-28,8,1381.19,United Kingdom
15581,2009-12-02,2011-07-06,34,4819.35,United Kingdom
15582,2011-05-03,2011-11-15,3,682.91,United Kingdom
15583,2010-11-28,2010-11-28,1,107.86,United Kingdom
15584,2010-02-07,2011-11-16,6,1277.5,United Kingdom
15585,2011-06-16,2011-06-16,1,455.3,United Kingdom
15586,2010-01-08,2010-04-26,3,1139.1,United Kingdom
15587,2010-08-05,2011-10-20,7,1522.08,United Kingdom
15588,2010-01-31,2010-01-31,1,579.6,United Kingdom
15589,2011-02-02,2011-03-29,3,478.53,United Kingdom
15590,2010-04-12,2010-11-22,5,1496.6,United Kingdom
15591,2010-02-04,2010-05-06,3,217.9,United Kingdom
15592,2011-10-24,2011-10-24,1,388.58,United Kingdom
15593,2011-09-30,2011-09-30,1,199.8,United Kingdom
15594,2011-04-19,2011-11-24,5,1771.78,United Kingdom
15595,2010-08-09,2010-08-09,1,357.6,United Kingdom
15596,2010-07-28,2011-08-31,9,3130.04,United Kingdom
15597,2010-05-13,2011-11-04,2,563.37,United Kingdom
15598,2010-10-08,2011-10-17,2,548.02,United Kingdom
15599,2010-09-20,2011-11-13,3,1250.06,United Kingdom
15600,2010-04-25,2010-10-07,4,1199.31,United Kingdom
15601,2009-12-01,2011-11-28,30,14960.12,United Kingdom
15602,2009-12-02,2011-12-01,16,3230.51,United Kingdom
15603,2010-03-01,2011-09-22,2,88.48,United Kingdom
15604,2011-10-18,2011-10-18,1,216.39,United Kingdom
15605,2010-01-14,2011-11-03,9,1936.8,United Kingdom
15606,2010-03-02,2011-10-09,17,5230.99,United Kingdom
15607,2010-01-08,2011-01-07,9,1708.97,United Kingdom
15608,2010-10-20,2011-11-11,5,1785.98,United Kingdom
15609,2011-06-08,2011-06-08,1,298.48,United Kingdom
15610,2011-10-19,2011-10-19,1,112.46,United Kingdom
15611,2010-01-25,2011-11-30,24,2976.28,United Kingdom
15612,2011-10-09,2011-11-03,2,195.15,United Kingdom
15613,2010-04-08,2010-04-08,1,433.72,United Kingdom
15614,2010-03-23,2010-09-28,4,3147.36,United Kingdom
15615,2009-12-02,2011-11-29,47,21373.97,United Kingdom
15616,2010-09-27,2010-09-27,1,317.11,United Kingdom
15617,2010-07-20,2010-11-08,3,828.55,United Kingdom
15618,2011-07-26,2011-11-07,4,776.85,United Kingdom
15619,2011-11-29,2011-11-29,1,336.4,United Kingdom
15620,2010-10-26,2011-10-14,4,1942.36,United Kingdom
15621,2011-11-18,2011-12-05,4,1293.03,United Kingdom
15622,2010-03-04,2011-10-27,17,7852.61,United Kingdom
15623,2009-12-10,2011-07-21,8,2437.05,United Kingdom
15624,2011-03-28,2011-08-15,4,588.13,United Kingdom
15625,2010-06-15,2011-08-28,9,3236.4,United Kingdom
15626,2010-10-14,2011-09-26,3,1067.52,United Kingdom
15627,2010-07-05,2010-09-08,2,566.9,United Kingdom
15628,2009-12-13,2011-12-05,17,5652.26,United Kingdom
15629,2010-06-25,2010-09-15,4,2240.9,United Kingdom
15630,2010-03-05,2011-10-25,3,1481.4,United Kingdom
15631,2010-03-07,2010-03-07,1,596.67,United Kingdom
15632,2011-03-10,2011-11-24,8,3285.31,United Kingdom
15633,2009-12-08,2010-07-18,13,4352.46,United Kingdom
15634,2010-11-21,2011-11-22,2,554.65,United Kingdom
15635,2010-11-09,2010-11-09,1,100.35,United Kingdom
15636,2010-05-19,2011-09-11,4,1444.58,United Kingdom
15637,2009-12-15,2011-10-18,5,797.59,United Kingdom
15638,2010-04-08,2010-11-26,6,2265.2,United Kingdom
15639,2010-04-13,2011-07-28,3,1065.08,United Kingdom
15640,2009-12-14,2011-12-05,29,23922.78,United Kingdom
15641,2009-12-06,2011-08-26,12,5345.55,United Kingdom
15642,2009-12-10,2009-12-10,1,105.78,United Kingdom
15643,2011-03-02,2011-06-01,3,664.0,United Kingdom
15644,2011-03-23,2011-06-26,4,813.0,United Kingdom
15645,2010-10-10,2011-11-21,3,1054.75,United Kingdom
15646,2010-10-25,2011-07-05,5,974.61,United Kingdom
15647,2010-10-20,2010-10-20,1,169.0,United Kingdom
15648,2011-03-17,2011-05-19,2,657.35,United Kingdom
15649,2010-11-17,2011-01-07,4,2170.35,United Kingdom
15650,2010-03-21,2010-07-06,2,553.88,United Kingdom
15651,2010-04-22,2011-11-03,5,1259.06,United Kingdom
15652,2010-08-11,2011-09-09,5,1420.34,United Kingdom
15653,2011-08-16,2011-09-08,2,877.44,United Kingdom
15654,2011-11-13,2011-11-30,2,922.53,United Kingdom
15655,2011-04-10,2011-04-10,1,560.67,United Kingdom
15656,2011-02-28,2011-10-25,4,748.5,United Kingdom
15657,2011-11-17,2011-11-17,1,30.0,United Kingdom
15658,2009-12-03,2011-06-02,8,2423.47,United Kingdom
15659,2010-02-24,2011-10-27,3,532.49,United Kingdom
15660,2010-02-05,2011-11-14,15,2812.99,United Kingdom
15661,2010-05-10,2011-01-26,8,1215.95,United Kingdom
15662,2009-12-01,2010-02-16,2,283.73,United Kingdom
15663,2011-08-25,2011-08-25,1,138.14,United Kingdom
15664,2010-02-28,2011-10-20,4,1231.53,United Kingdom
15665,2010-03-14,2011-06-24,5,4015.12,United Kingdom
15666,2010-08-01,2010-08-24,2,632.94,United Kingdom
15667,2011-10-31,2011-10-31,1,301.32,United Kingdom
15668,2011-05-06,2011-05-06,1,76.32,United Kingdom
15669,2011-03-21,2011-10-30,4,684.34,United Kingdom
15670,2010-06-01,2011-02-16,2,325.2,United Kingdom
15671,2011-03-14,2011-11-21,7,2657.13,United Kingdom
15672,2009-12-14,2009-12-14,1,45.3,United Kingdom
15673,2010-02-22,2011-09-12,9,6414.79,United Kingdom
15674,2009-12-08,2011-09-27,12,6613.52,United Kingdom
15675,2010-10-31,2011-09-19,4,542.04,United Kingdom
15676,2011-03-01,2011-11-21,3,3435.76,United Kingdom
15677,2010-09-02,2011-10-21,3,1305.63,United Kingdom
15678,2010-07-05,2011-10-18,3,1893.89,United Kingdom
15679,2011-06-10,2011-11-15,4,781.28,United Kingdom
15680,2009-12-02,2011-11-30,10,4507.58,United Kingdom
15681,2010-05-24,2011-11-14,14,2989.7,United Kingdom
15682,2010-01-21,2010-04-19,2,318.24,United Kingdom
15683,2010-08-23,2011-08-14,2,524.54,United Kingdom
15684,2009-12-04,2010-06-10,3,173.95,United Kingdom
15685,2010-09-15,2010-09-15,1,55.98,United Kingdom
15686,2010-10-15,2010-10-15,1,90.0,United Kingdom
15687,2011-01-13,2011-12-01,9,2993.1,United Kingdom
15688,2010-10-17,2010-10-17,1,190.57,United Kingdom
15689,2010-04-01,2011-08-12,3,521.03,United Kingdom
15690,2011-08-31,2011-12-05,2,239.76,United Kingdom
15691,2009-12-06,2011-04-01,4,571.3,United Kingdom
15692,2011-11-11,2011-11-11,1,191.04,United Kingdom
15693,2010-02-18,2010-02-18,1,37.5,United Kingdom
15694,2009-12-07,2011-12-09,23,10795.81,United Kingdom
15695,2010-01-27,2011-03-18,4,1131.04,United Kingdom
15696,2010-01-24,2011-11-06,13,3906.57,United Kingdom
15697,2010-01-19,2010-01-19,1,246.75,United Kingdom
15698,2010-03-25,2010-03-25,1,46.2,United Kingdom
15699,2011-11-22,2011-11-22,1,309.65,United Kingdom
15700,2011-06-19,2011-06-20,2,696.68,United Kingdom
15701,2011-08-21,2011-12-07,4,1542.14,United Kingdom
15702,2010-01-26,2010-08-20,2,140.39,Nigeria
15703,2011-03-20,2011-03-20,1,211.5,United Kingdom
15704,2010-05-05,2011-07-22,6,3817.96,United Kingdom
15705,2011-05-22,2011-05-22,1,143.1,United Kingdom
15706,2011-08-15,2011-10-07,4,1060.56,United Kingdom
15707,2011-09-14,2011-11-04,4,945.58,United Kingdom
15708,2010-10-10,2011-10-30,9,4378.72,United Kingdom
15709,2010-04-29,2011-03-01,2,327.85,United Kingdom
15710,2010-10-18,2010-10-18,1,898.87,United Kingdom
15711,2010-01-24,2010-06-01,2,420.25,United Kingdom
15712,2009-12-01,2011-11-30,12,3472.41,United Kingdom
15713,2009-12-16,2011-07-19,4,1010.79,United Kingdom
15714,2010-06-02,2011-11-28,5,784.81,United Kingdom
15715,2010-03-30,2010-06-02,5,658.02,United Kingdom
15716,2009-12-07,2011-07-17,11,3054.29,United Kingdom
15717,2010-04-26,2011-04-19,5,607.0,United Kingdom
15718,2010-06-17,2010-06-17,1,293.79,United Kingdom
15719,2009-12-01,2011-11-07,31,10221.41,United Kingdom
15720,2010-06-07,2011-11-15,2,741.92,United Kingdom
15721,2011-11-28,2011-11-28,1,507.08,United Kingdom
15722,2010-03-09,2011-11-04,11,5258.1,United Kingdom
15723,2010-05-14,2010-12-10,4,947.65,United Kingdom
15724,2010-11-04,2011-05-22,3,310.85,United Kingdom
15725,2011-11-24,2011-11-24,1,415.25,United Kingdom
15726,2010-11-14,2010-11-14,1,321.91,United Kingdom
15727,2010-01-24,2011-11-23,15,9445.51,United Kingdom
15728,2010-09-21,2010-11-25,2,544.6,United Kingdom
15729,2010-11-01,2011-05-11,3,192.55,United Kingdom
15730,2010-10-04,2011-10-05,5,1726.58,United Kingdom
15731,2010-06-04,2010-06-04,1,125.3,United Kingdom
15732,2010-02-04,2011-05-11,10,1682.07,United Kingdom
15733,2011-03-02,2011-03-02,1,162.3,United Kingdom
15734,2010-06-10,2011-08-17,4,2263.3,United Kingdom
15735,2010-10-14,2010-10-14,1,327.68,United Kingdom
15736,2010-09-30,2010-09-30,2,1815.72,United Kingdom
15737,2011-04-11,2011-11-25,8,1205.12,United Kingdom
15738,2009-12-10,2011-11-21,41,13372.97,United Kingdom
15739,2011-10-04,2011-10-04,1,449.12,United Kingdom
15740,2011-10-21,2011-10-21,1,154.88,United Kingdom
15741,2010-03-31,2010-09-07,2,208.62,United Kingdom
15742,2010-03-30,2010-03-30,1,156.87,United Kingdom
15743,2011-06-08,2011-11-23,4,784.46,United Kingdom
15744,2011-09-23,2011-09-23,1,34.8,United Kingdom
15745,2011-04-17,2011-11-20,4,1094.59,United Kingdom
15746,2011-07-28,2011-07-28,1,196.88,United Kingdom
15747,2010-01-18,2011-11-27,9,2562.61,United Kingdom
15748,2010-09-16,2011-10-30,3,614.76,United Kingdom
15749,2011-01-11,2011-04-18,3,44534.3,United Kingdom
15750,2009-12-01,2011-12-07,18,6797.19,United Kingdom
15751,2009-12-06,2010-09-05,11,1380.44,United Kingdom
15752,2010-09-08,2011-10-31,9,4207.54,United Kingdom
15753,2011-02-08,2011-02-08,1,79.2,United Kingdom
15754,2010-02-22,2011-10-19,9,3037.61,United Kingdom
15755,2009-12-04,2011-11-29,17,5993.12,United Kingdom
15756,2011-04-04,2011-10-09,4,532.96,United Kingdom
15757,2010-06-10,2011-10-05,6,2940.36,United Kingdom
15758,2011-11-15,2011-11-15,1,205.25,United Kingdom
15759,2009-12-02,2011-05-05,7,830.93,United Kingdom
15761,2010-09-23,2010-09-23,1,143.05,United Kingdom
15762,2011-09-23,2011-10-05,2,583.75,United Kingdom
15763,2011-09-23,2011-11-08,2,1086.92,United Kingdom
15764,2010-08-18,2011-09-12,8,4503.08,United Kingdom
15765,2010-02-11,2010-02-11,1,370.63,United Kingdom
15766,2010-01-26,2011-10-06,3,831.06,United Kingdom
15768,2009-12-03,2011-08-16,34,15601.09,United Kingdom
15769,2009-12-11,2011-12-02,46,88704.32,United Kingdom
15770,2010-04-06,2010-04-06,1,321.45,United Kingdom
15771,2010-01-15,2010-04-14,3,1006.54,United Kingdom
15772,2010-10-17,2010-10-17,1,280.88,United Kingdom
15773,2010-10-26,2011-12-04,2,774.52,United Kingdom
15774,2010-02-21,2011-10-02,6,1328.69,United Kingdom
15775,2010-03-18,2011-04-08,2,150.5,United Kingdom
15776,2011-07-29,2011-07-29,1,241.62,United Kingdom
15777,2010-05-20,2011-04-12,7,1762.61,United Kingdom
15778,2010-10-04,2010-10-04,1,307.95,United Kingdom
15779,2010-06-25,2010-09-02,2,124.08,United Kingdom
15780,2010-12-17,2011-06-09,3,475.28,United Kingdom
15781,2011-02-07,2011-11-14,3,345.46,United Kingdom
15782,2010-10-05,2011-11-30,4,4014.1,United Kingdom
15783,2011-11-29,2011-11-29,1,246.3,United Kingdom
15784,2010-02-05,2010-08-29,2,848.33,United Kingdom
15785,2009-12-15,2011-11-07,16,5969.93,United Kingdom
15786,2010-06-21,2011-10-24,5,8514.82,United Kingdom
15787,2011-10-09,2011-11-13,3,948.05,United Kingdom
15788,2010-07-19,2010-07-19,1,221.83,United Kingdom
15789,2010-03-26,2010-12-16,6,1962.01,United Kingdom
15790,2011-11-29,2011-11-29,1,220.85,United Kingdom
15791,2010-03-08,2011-10-27,5,3608.34,United Kingdom
15792,2010-03-31,2010-11-05,2,933.84,United Kingdom
15793,2009-12-01,2011-11-25,8,2399.57,United Kingdom
15794,2009-12-02,2009-12-03,2,777.0,United Kingdom
15795,2010-01-18,2011-07-13,8,1979.87,United Kingdom
15796,2010-03-31,2011-12-08,17,5174.83,United Kingdom
15797,2010-01-27,2011-08-18,5,2806.08,United Kingdom
15798,2010-01-27,2010-08-04,3,1535.37,United Kingdom
15799,2010-10-17,2011-09-25,4,1424.29,United Kingdom
15800,2010-03-31,2011-08-24,7,1242.58,United Kingdom
15801,2011-08-22,2011-10-24,3,1063.95,United Kingdom
15803,2010-02-01,2011-10-19,4,1929.66,United Kingdom
15804,2011-05-25,2011-12-09,13,4206.39,United Kingdom
15805,2009-12-10,2011-11-16,30,10189.23,United Kingdom
15806,2011-03-08,2011-10-24,3,784.58,United Kingdom
15807,2010-02-11,2011-10-20,5,1817.52,United Kingdom
15808,2009-12-01,2011-02-06,21,18409.93,United Kingdom
15809,2010-06-22,2011-11-03,7,1274.44,United Kingdom
15810,2010-02-04,2011-09-22,8,2999.04,United Kingdom
15811,2010-11-16,2011-11-17,7,3796.92,United Kingdom
15812,2009-12-15,2011-08-24,12,5201.47,United Kingdom
15813,2011-04-14,2011-05-16,2,1303.91,United Kingdom
15814,2010-04-15,2011-11-23,6,2634.44,United Kingdom
15815,2011-03-25,2011-10-07,5,2100.6,United Kingdom
15816,2010-06-15,2010-06-15,2,144.15,United Kingdom
15817,2010-06-14,2010-10-15,3,2766.4,United Kingdom
15818,2010-04-30,2010-04-30,1,340.5,United Kingdom
15819,2010-03-18,2011-10-21,10,3934.79,United Kingdom
15820,2011-01-24,2011-01-24,1,206.98,United Kingdom
15821,2011-10-09,2011-10-26,2,570.96,United Kingdom
15822,2009-12-06,2011-12-06,6,1840.06,United Kingdom
15823,2009-12-08,2009-12-10,2,3867.17,United Kingdom
15824,2010-06-25,2010-09-12,2,890.94,United Kingdom
15825,2011-06-20,2011-06-20,1,532.94,United Kingdom
15826,2010-05-20,2011-10-14,4,2598.28,United Kingdom
15827,2010-01-08,2011-09-27,28,3794.07,United Kingdom
15828,2010-11-29,2010-11-29,1,1108.82,United Kingdom
15829,2011-07-22,2011-09-01,2,636.14,United Kingdom
15830,2011-11-02,2011-11-02,1,576.0,United Kingdom
15831,2011-01-19,2011-10-12,3,801.76,United Kingdom
15832,2011-03-30,2011-03-30,1,836.79,United Kingdom
15833,2009-12-02,2009-12-02,1,80.4,United Kingdom
15834,2010-10-11,2011-09-30,7,3770.49,United Kingdom
15835,2011-01-13,2011-10-26,4,954.09,United Kingdom
15836,2011-10-20,2011-10-20,1,137.37,United Kingdom
15837,2010-08-11,2011-10-06,2,777.01,United Kingdom
15838,2009-12-15,2011-11-28,34,74163.0,United Kingdom
15839,2011-07-14,2011-11-06,3,1048.49,United Kingdom
15840,2011-06-20,2011-10-12,2,355.56,United Kingdom
15841,2009-12-10,2011-09-28,9,2742.41,United Kingdom
15842,2010-06-30,2010-11-11,2,548.8,United Kingdom
15843,2011-02-09,2011-02-09,1,118.95,United Kingdom
15844,2011-10-24,2011-10-24,1,130.74,United Kingdom
15845,2010-01-26,2011-11-22,11,4426.28,United Kingdom
15846,2010-11-19,2010-11-19,1,107.01,United Kingdom
15847,2010-03-08,2011-11-01,5,822.57,United Kingdom
15848,2010-03-28,2010-03-28,1,139.94,United Kingdom
15850,2009-12-13,2011-11-20,6,1058.72,United Kingdom
15851,2010-07-01,2010-07-01,1,109.73,United Kingdom
15852,2010-07-01,2011-06-06,3,257.26,United Kingdom
15853,2011-10-19,2011-10-19,1,110.8,United Kingdom
15854,2009-12-10,2011-12-05,21,5583.81,United Kingdom
15855,2010-08-20,2011-07-26,6,1052.72,United Kingdom
15856,2009-12-03,2011-12-05,52,34219.08,United Kingdom
15857,2010-10-05,2011-11-21,2,570.48,United Kingdom
15858,2009-12-10,2011-11-24,13,3960.37,United Kingdom
15859,2010-10-03,2010-10-03,1,438.46,United Kingdom
15860,2009-12-06,2011-10-30,17,2502.71,United Kingdom
15861,2010-01-28,2011-11-27,12,4393.49,United Kingdom
15862,2009-12-17,2011-12-01,13,2923.14,United Kingdom
15863,2009-12-17,2011-11-14,5,358.7,United Kingdom
15864,2010-11-23,2011-11-17,7,2180.76,United Kingdom
15865,2010-01-05,2011-10-30,5,2248.92,United Kingdom
15866,2011-08-30,2011-08-30,1,230.53,United Kingdom
15867,2009-12-14,2011-12-04,31,9010.52,United Kingdom
15868,2010-05-05,2010-05-05,1,94.53,United Kingdom
15869,2010-03-23,2011-03-07,3,323.66,United Kingdom
15870,2010-09-19,2011-11-07,4,862.61,United Kingdom
15871,2010-09-28,2010-09-28,1,33.1,United Kingdom
15872,2010-06-07,2011-11-25,4,795.68,United Kingdom
15873,2010-07-27,2010-07-28,4,313.92,United Kingdom
15874,2010-01-07,2011-10-07,21,11284.76,United Kingdom
15875,2010-03-03,2010-03-03,1,111.72,United Kingdom
15876,2010-09-17,2010-10-26,2,1449.14,United Kingdom
15877,2011-11-22,2011-12-08,2,493.28,United Kingdom
15878,2009-12-06,2010-05-27,2,330.77,United Kingdom
15879,2009-12-17,2010-10-31,4,1157.3,United Kingdom
15880,2010-12-05,2010-12-05,1,686.56,United Kingdom
15881,2010-12-10,2011-01-31,5,501.39,United Kingdom
15882,2009-12-10,2011-05-25,8,1491.42,United Kingdom
15883,2011-11-06,2011-12-07,2,396.48,United Kingdom
15884,2009-12-03,2010-10-03,2,249.7,United Kingdom
15885,2010-01-21,2011-09-07,13,1921.82,United Kingdom
15886,2010-04-20,2011-10-10,4,1052.87,United Kingdom
15887,2010-06-02,2010-10-29,3,1027.15,United Kingdom
15888,2010-07-01,2011-09-20,3,423.49,United Kingdom
15889,2009-12-10,2011-07-06,8,1782.33,United Kingdom
15890,2010-04-14,2010-11-10,5,535.65,United Kingdom
15891,2011-04-27,2011-04-27,1,521.97,United Kingdom
15892,2010-02-08,2010-02-08,1,128.2,United Kingdom
15893,2010-08-15,2010-08-15,1,305.28,United Kingdom
15894,2010-12-05,2011-03-31,2,418.99,United Kingdom
15895,2011-07-13,2011-07-13,1,179.17,United Kingdom
15897,2011-05-29,2011-05-29,2,222.05,United Kingdom
15898,2009-12-11,2011-12-08,25,5592.56,United Kingdom
15899,2010-12-06,2010-12-06,1,112.5,United Kingdom
15900,2010-05-26,2011-11-16,4,900.4,United Kingdom
15901,2010-06-14,2011-11-23,6,683.39,United Kingdom
15902,2010-11-24,2010-11-24,1,145.01,United Kingdom
15903,2010-01-14,2011-11-30,12,8939.84,United Kingdom
15904,2011-12-01,2011-12-01,1,164.68,United Kingdom
15905,2010-06-14,2010-06-14,1,114.69,United Kingdom
15906,2010-09-15,2011-11-20,10,2555.64,United Kingdom
15907,2011-05-13,2011-12-06,3,966.6,United Kingdom
15908,2010-07-15,2010-08-06,2,764.57,United Kingdom
15909,2011-06-19,2011-06-19,1,191.94,United Kingdom
15910,2010-01-21,2011-12-09,15,2681.8,United Kingdom
15911,2009-12-09,2010-03-26,8,1685.89,United Kingdom
15912,2009-12-10,2011-06-14,9,1074.7,United Kingdom
15913,2010-06-23,2010-06-23,1,6.3,United Kingdom
15914,2010-11-26,2010-11-26,2,205.99,United Kingdom
15915,2010-11-03,2010-11-03,1,429.0,United Kingdom
15916,2009-12-10,2011-11-23,13,3427.17,United Kingdom
15917,2009-12-02,2011-04-06,5,560.63,United Kingdom
15918,2010-03-18,2011-06-02,3,582.88,United Kingdom
15919,2010-12-06,2011-11-20,2,910.61,United Kingdom
15920,2009-12-14,2011-07-08,8,567.69,United Kingdom
15921,2010-03-09,2011-06-20,4,792.46,United Kingdom
15922,2010-12-01,2010-12-01,1,739.0,United Kingdom
15923,2010-12-02,2010-12-02,1,254.16,United Kingdom
15924,2009-12-08,2009-12-08,1,102.82,United Kingdom
15925,2011-05-29,2011-05-29,1,207.15,United Kingdom
15926,2010-06-15,2010-06-15,1,134.44,United Kingdom
15927,2010-03-02,2010-03-02,1,123.39,United Kingdom
15928,2010-02-21,2010-02-21,1,293.53,United Kingdom
15929,2010-03-05,2010-03-05,1,594.0,United Kingdom
15930,2011-10-03,2011-10-03,1,426.63,United Kingdom
15931,2010-10-07,2010-10-07,1,239.9,United Kingdom
15932,2011-02-23,2011-12-05,8,2495.87,United Kingdom
15933,2011-09-14,2011-11-18,3,1107.46,United Kingdom
15934,2010-10-06,2010-10-18,2,2190.66,United Kingdom
15935,2011-04-14,2011-04-14,1,108.04,United Kingdom
15936,2010-08-29,2010-11-25,2,282.79,United Kingdom
15937,2011-10-06,2011-10-06,1,145.35,United Kingdom
15938,2010-06-01,2011-08-19,9,734.81,United Kingdom
15939,2010-11-30,2011-09-11,15,9004.84,United Kingdom
15940,2011-02-01,2011-02-01,1,35.8,United Kingdom
15941,2010-03-12,2010-03-12,1,405.0,United Kingdom
15942,2011-07-29,2011-07-29,1,337.44,United Kingdom
15943,2010-01-31,2010-02-28,2,271.29,United Kingdom
15944,2009-12-13,2011-03-08,4,2164.24,United Kingdom
15945,2009-12-01,2010-12-09,4,827.27,United Kingdom
15946,2010-03-16,2010-07-25,3,2304.18,United Kingdom
15947,2011-09-18,2011-09-18,1,1708.24,United Kingdom
15948,2010-10-11,2011-12-01,3,1509.09,United Kingdom
15949,2011-09-29,2011-11-23,2,364.72,United Kingdom
15950,2010-01-26,2011-11-08,10,7180.71,United Kingdom
15951,2010-11-23,2011-12-01,3,1013.17,United Kingdom
15952,2011-04-28,2011-11-06,4,806.57,United Kingdom
15953,2009-12-03,2011-11-24,18,3669.55,United Kingdom
15954,2010-04-29,2010-04-29,1,187.8,United Kingdom
15955,2010-02-23,2011-11-15,22,8658.36,United Kingdom
15956,2009-12-13,2010-06-06,2,617.6,United Kingdom
15957,2010-10-15,2011-11-08,3,930.1,United Kingdom
15958,2010-06-07,2011-09-26,4,492.99,United Kingdom
15959,2010-01-26,2010-01-26,3,579.49,United Kingdom
15960,2010-09-30,2010-11-30,4,410.95,United Kingdom
15961,2010-11-25,2010-11-25,1,451.29,United Kingdom
15962,2010-09-16,2010-09-16,1,295.83,United Kingdom
15963,2011-10-25,2011-11-20,2,470.76,United Kingdom
15964,2010-02-14,2010-02-14,1,272.96,United Kingdom
15965,2009-12-03,2011-11-22,13,3013.09,United Kingdom
15966,2010-09-15,2010-09-15,1,426.53,United Kingdom
15967,2009-12-01,2011-11-16,12,3041.6,United Kingdom
15968,2010-11-16,2010-11-16,1,415.3,United Kingdom
15969,2010-07-05,2011-12-07,5,1127.05,United Kingdom
15970,2010-04-20,2011-02-09,2,1017.32,United Kingdom
15971,2009-12-08,2011-11-22,18,5897.88,United Kingdom
15972,2010-04-18,2010-09-09,5,1810.27,United Kingdom
15973,2010-10-07,2010-12-08,2,973.44,United Kingdom
15974,2011-02-24,2011-10-31,7,3442.15,United Kingdom
15975,2011-09-16,2011-09-16,1,371.01,United Kingdom
15976,2010-06-06,2011-06-27,6,1732.54,United Kingdom
15977,2011-10-31,2011-11-22,2,1054.73,United Kingdom
15978,2010-03-05,2011-09-23,3,3279.42,United Kingdom
15979,2010-04-16,2010-04-16,1,329.22,United Kingdom
15980,2010-06-01,2011-09-12,7,6593.68,United Kingdom
15981,2010-03-29,2011-11-15,21,9362.77,United Kingdom
15982,2010-04-13,2010-04-13,1,324.51,United Kingdom
15983,2009-12-06,2011-11-17,8,3958.82,United Kingdom
15984,2009-12-01,2011-12-07,30,8759.32,United Kingdom
15985,2010-05-27,2011-08-08,7,2715.28,United Kingdom
15986,2010-11-23,2011-11-09,2,354.42,United Kingdom
15987,2010-11-25,2011-11-27,8,1682.13,United Kingdom
15988,2010-02-21,2011-11-20,3,767.59,United Kingdom
15989,2009-12-02,2010-11-29,2,372.51,United Kingdom
15990,2010-02-28,2011-10-26,7,2010.05,United Kingdom
15991,2010-06-23,2010-06-23,1,150.55,United Kingdom
15992,2010-09-12,2011-12-06,3,896.6,United Kingdom
15993,2011-10-26,2011-12-01,7,2788.87,United Kingdom
15994,2010-03-14,2011-10-16,3,1202.18,United Kingdom
15995,2010-10-21,2010-10-21,1,696.19,United Kingdom
15996,2010-11-07,2011-09-12,7,1686.9,United Kingdom
15998,2009-12-01,2011-11-03,16,8308.34,United Kingdom
15999,2009-12-04,2009-12-04,1,20.4,United Kingdom
16000,2011-12-07,2011-12-07,3,12393.7,United Kingdom
16001,2010-11-23,2010-11-23,1,583.39,United Kingdom
16002,2010-03-24,2010-03-24,1,169.21,United Kingdom
16003,2009-12-03,2011-11-10,10,5613.83,United Kingdom
16004,2010-01-25,2010-08-22,5,2146.39,United Kingdom
16005,2010-09-15,2011-11-27,10,2435.8,United Kingdom
16006,2010-11-17,2011-05-12,2,347.17,United Kingdom
16007,2010-06-14,2011-10-23,7,3075.14,United Kingdom
16008,2010-03-19,2011-11-16,15,5384.13,United Kingdom
16009,2011-07-03,2011-11-17,4,992.71,United Kingdom
16010,2010-10-24,2011-04-08,11,1724.06,United Kingdom
16011,2009-12-01,2011-12-01,29,5878.76,United Kingdom
16012,2010-06-28,2011-11-04,5,2989.79,United Kingdom
16013,2009-12-08,2011-12-06,84,57446.44,United Kingdom
16014,2010-01-31,2011-11-02,5,1130.27,United Kingdom
16015,2011-10-21,2011-12-06,3,705.1,United Kingdom
16016,2010-11-02,2011-12-06,11,2533.94,United Kingdom
16017,2010-01-05,2011-10-23,5,1553.83,United Kingdom
16018,2009-12-07,2011-10-31,4,698.13,United Kingdom
16019,2009-12-14,2011-10-24,27,17465.85,United Kingdom
16020,2011-10-05,2011-11-23,3,851.01,United Kingdom
16021,2010-06-13,2010-11-09,2,532.25,United Kingdom
16022,2011-03-24,2011-03-24,1,628.28,United Kingdom
16023,2011-03-18,2011-10-24,3,719.81,United Kingdom
16024,2010-10-24,2011-11-27,3,478.92,United Kingdom
16025,2011-11-10,2011-11-10,1,439.66,United Kingdom
16026,2011-10-27,2011-10-27,1,236.09,United Kingdom
16027,2010-01-08,2011-09-09,15,2048.36,United Kingdom
16028,2010-04-23,2010-04-23,1,82.2,United Kingdom
16029,2009-12-08,2011-11-01,106,114066.39,United Kingdom
16030,2011-02-03,2011-02-03,1,331.24,United Kingdom
16031,2011-04-06,2011-09-08,2,548.94,United Kingdom
16032,2010-07-04,2010-09-09,6,1970.45,United Kingdom
16033,2010-08-11,2011-12-04,27,10836.13,United Kingdom
16034,2010-10-26,2011-05-27,6,928.72,United Kingdom
16035,2010-05-28,2010-05-28,1,217.73,United Kingdom
16036,2010-03-29,2011-09-13,4,2556.84,United Kingdom
16037,2010-03-01,2011-03-15,5,1509.34,United Kingdom
16038,2011-05-22,2011-12-02,3,471.78,United Kingdom
16039,2010-03-21,2010-10-12,2,456.4,United Kingdom
16040,2010-04-09,2011-10-05,7,2416.9,United Kingdom
16041,2011-07-21,2011-11-09,3,3166.4,United Kingdom
16042,2010-09-12,2011-11-17,8,2265.12,United Kingdom
16043,2010-08-15,2011-11-02,8,1856.59,United Kingdom
16044,2010-09-30,2010-09-30,1,340.84,United Kingdom
16045,2010-07-29,2011-08-12,8,3434.93,United Kingdom
16046,2010-05-26,2010-05-26,1,235.78,United Kingdom
16047,2010-01-26,2010-01-26,1,107.14,EIRE
16048,2010-06-08,2010-12-01,4,1075.23,United Kingdom
16049,2010-07-11,2011-10-30,6,1899.68,United Kingdom
16050,2010-11-03,2011-06-19,3,300.7,United Kingdom
16051,2010-01-27,2010-01-27,1,188.44,United Kingdom
16052,2011-10-16,2011-10-16,1,362.06,United Kingdom
16053,2010-04-08,2011-11-07,6,3634.84,United Kingdom
16054,2010-04-01,2011-07-17,4,2111.88,United Kingdom
16055,2011-05-03,2011-05-03,1,134.8,United Kingdom
16056,2011-10-25,2011-10-25,1,664.85,United Kingdom
16057,2010-01-07,2011-11-23,10,3854.85,United Kingdom
16058,2010-10-29,2010-10-29,1,62.7,United Kingdom
16059,2010-05-19,2011-10-05,12,3217.77,United Kingdom
16060,2010-08-02,2010-11-04,3,541.95,United Kingdom
16061,2010-10-04,2010-10-04,1,89.65,United Kingdom
16062,2010-06-21,2011-11-30,8,2863.45,United Kingdom
16063,2011-03-24,2011-03-24,1,335.32,United Kingdom
16064,2009-12-14,2009-12-14,1,111.0,United Kingdom
16065,2010-09-02,2010-12-09,8,2382.62,United Kingdom
16066,2011-08-07,2011-11-23,5,1521.87,United Kingdom
16067,2010-02-02,2010-05-26,3,3395.29,United Kingdom
16068,2010-04-25,2010-04-25,1,122.93,United Kingdom
16069,2010-10-18,2010-10-18,1,457.7,United Kingdom
16070,2011-11-07,2011-11-17,2,852.15,United Kingdom
16071,2010-02-22,2011-10-26,4,1076.8,United Kingdom
16072,2010-06-08,2011-02-24,4,4328.89,United Kingdom
16073,2011-02-15,2011-02-15,1,122.4,United Kingdom
16074,2010-11-14,2010-11-14,1,265.25,United Kingdom
16075,2010-05-24,2010-07-25,2,736.93,United Kingdom
16076,2011-05-15,2011-12-06,10,2234.73,United Kingdom
16077,2010-03-24,2010-03-24,1,2300.4,United Kingdom
16078,2010-02-08,2011-03-01,2,362.99,United Kingdom
16079,2011-10-30,2011-11-23,3,1352.0,United Kingdom
16080,2010-09-15,2011-09-19,4,602.56,United Kingdom
16081,2010-02-03,2011-10-14,8,4460.18,United Kingdom
16082,2010-02-07,2010-02-07,1,106.75,United Kingdom
16083,2010-11-16,2011-08-31,4,2351.42,United Kingdom
16084,2011-02-13,2011-02-13,1,436.18,United Kingdom
16085,2010-01-20,2011-11-16,12,2327.21,United Kingdom
16086,2009-12-02,2011-10-11,10,2864.99,United Kingdom
16087,2010-01-19,2010-11-15,5,1739.92,United Kingdom
16088,2010-04-27,2010-05-13,2,1437.43,United Kingdom
16089,2010-07-18,2010-11-18,2,271.44,United Kingdom
16090,2010-03-25,2010-03-25,1,205.91,United Kingdom
16091,2011-05-25,2011-07-08,2,315.06,United Kingdom
16092,2010-05-09,2011-08-17,6,1587.94,United Kingdom
16093,2011-08-25,2011-08-25,1,17.0,United Kingdom
16094,2010-04-16,2011-11-28,11,3695.56,United Kingdom
16095,2010-09-09,2010-09-09,1,447.05,United Kingdom
16096,2010-03-04,2011-03-20,4,1584.97,United Kingdom
16097,2011-04-13,2011-04-13,1,185.05,United Kingdom
16098,2009-12-15,2011-09-13,14,4448.1,United Kingdom
16099,2010-03-03,2011-10-20,7,1573.2,United Kingdom
16100,2010-09-03,2010-09-03,1,582.64,United Kingdom
16101,2010-05-27,2011-09-30,4,3229.16,United Kingdom
16102,2011-08-03,2011-10-28,3,1842.14,United Kingdom
16103,2010-01-08,2011-12-02,22,6191.71,United Kingdom
16104,2009-12-06,2011-10-09,9,2778.61,United Kingdom
16105,2010-04-14,2011-04-05,5,2386.19,United Kingdom
16106,2011-10-05,2011-10-05,1,108.38,United Kingdom
16107,2011-06-09,2011-11-22,7,3204.16,United Kingdom
16108,2010-03-18,2011-09-16,4,2235.92,United Kingdom
16109,2010-01-10,2011-05-05,3,939.48,United Kingdom
16110,2010-07-05,2011-10-25,4,1819.27,United Kingdom
16111,2010-10-07,2010-10-07,1,562.48,United Kingdom
16112,2011-01-05,2011-07-19,4,195.74,United Kingdom
16113,2011-06-09,2011-06-09,1,161.38,United Kingdom
16114,2011-06-22,2011-06-22,1,135.75,United Kingdom
16115,2010-05-14,2011-11-30,12,2575.14,United Kingdom
16116,2011-05-12,2011-05-12,1,612.78,United Kingdom
16117,2010-04-27,2011-06-03,3,654.4,United Kingdom
16118,2010-02-25,2010-02-25,1,4376.25,United Kingdom
16119,2009-12-16,2011-12-01,8,1720.81,United Kingdom
16120,2010-10-13,2011-10-11,6,3056.91,United Kingdom
16121,2010-05-23,2011-10-13,5,1477.09,United Kingdom
16122,2010-10-10,2011-09-27,6,1001.34,United Kingdom
16123,2011-10-19,2011-10-19,1,307.78,United Kingdom
16124,2009-12-07,2011-01-26,4,1772.49,United Kingdom
16125,2009-12-14,2010-12-07,14,4587.65,United Kingdom
16126,2009-12-02,2011-11-10,15,14646.8,United Kingdom
16127,2009-12-13,2011-10-31,2,801.31,United Kingdom
16128,2010-07-16,2011-11-22,11,3801.05,United Kingdom
16129,2010-07-20,2010-10-28,3,1396.05,United Kingdom
16130,2010-04-01,2010-10-13,4,987.48,United Kingdom
16131,2009-12-02,2011-10-19,12,9957.42,United Kingdom
16132,2010-03-22,2010-06-13,2,664.2,United Kingdom
16133,2010-03-31,2011-12-06,56,22992.26,United Kingdom
16134,2010-06-17,2011-11-18,5,2145.34,United Kingdom
16135,2010-05-05,2011-03-22,2,819.45,United Kingdom
16136,2010-02-14,2011-10-11,4,946.8,United Kingdom
16137,2010-01-28,2010-01-28,1,422.7,United Kingdom
16138,2010-04-28,2010-11-26,3,910.35,United Kingdom
16139,2009-12-03,2011-11-21,5,1111.15,United Kingdom
16140,2010-09-24,2011-10-05,3,1557.6,United Kingdom
16141,2010-10-18,2011-09-12,2,955.94,United Kingdom
16142,2011-04-04,2011-04-04,1,535.34,United Kingdom
16143,2009-12-10,2011-12-06,12,4910.83,United Kingdom
16144,2011-04-07,2011-04-07,1,175.2,United Kingdom
16145,2010-05-04,2011-12-01,19,6805.44,United Kingdom
16146,2010-09-17,2011-07-05,4,946.38,United Kingdom
16147,2010-02-05,2011-07-29,5,2398.91,United Kingdom
16148,2010-09-29,2011-02-16,2,386.62,United Kingdom
16149,2010-10-06,2011-12-05,3,422.22,United Kingdom
16150,2009-12-17,2011-10-28,10,4395.59,United Kingdom
16152,2011-03-16,2011-03-16,1,1829.04,United Kingdom
16153,2010-05-26,2011-10-21,11,5133.49,United Kingdom
16155,2010-06-18,2010-11-23,5,796.9,United Kingdom
16156,2009-12-02,2011-12-01,20,6218.18,United Kingdom
16157,2011-09-28,2011-11-24,3,656.69,United Kingdom
16158,2009-12-05,2010-07-05,9,628.32,United Kingdom
16159,2009-12-03,2011-03-03,4,1232.79,United Kingdom
16160,2011-09-15,2011-10-05,2,1025.44,United Kingdom
16161,2010-02-08,2011-12-08,43,12831.8,United Kingdom
16162,2011-04-01,2011-04-01,1,37.4,United Kingdom
16163,2009-12-02,2011-04-21,6,2849.58,United Kingdom
16164,2011-10-28,2011-11-22,3,822.48,United Kingdom
16165,2010-07-22,2010-07-22,1,79.9,United Kingdom
16166,2010-01-17,2010-10-07,2,435.83,United Kingdom
16167,2009-12-01,2010-10-21,5,1386.12,United Kingdom
16168,2009-12-03,2011-11-29,66,10636.47,United Kingdom
16169,2011-09-25,2011-12-01,4,1822.97,United Kingdom
16170,2010-02-18,2011-10-20,20,6869.0,United Kingdom
16171,2011-10-11,2011-10-11,1,73.2,United Kingdom
16172,2010-07-14,2011-09-05,8,1884.55,United Kingdom
16173,2011-09-02,2011-11-24,6,1418.32,United Kingdom
16174,2010-04-15,2011-08-05,7,2246.75,United Kingdom
16175,2010-05-25,2011-09-06,7,1836.44,United Kingdom
16176,2010-03-29,2010-10-14,4,2052.69,United Kingdom
16177,2010-03-02,2011-10-20,8,2247.31,United Kingdom
16178,2010-11-03,2011-07-24,2,612.6,United Kingdom
16179,2011-10-10,2011-10-10,1,215.83,United Kingdom
16180,2010-06-23,2011-08-31,13,16249.87,United Kingdom
16181,2011-09-27,2011-09-27,1,305.54,United Kingdom
16182,2010-03-09,2011-09-28,9,9971.65,United Kingdom
16183,2010-10-28,2011-10-03,4,1077.81,United Kingdom
16184,2011-05-12,2011-10-06,6,1158.79,United Kingdom
16185,2010-05-24,2011-11-23,3,644.72,United Kingdom
16186,2009-12-09,2011-11-17,26,9026.11,United Kingdom
16187,2011-02-28,2011-11-08,15,6911.44,United Kingdom
16188,2010-10-27,2011-10-26,5,1087.66,United Kingdom
16189,2011-09-15,2011-11-24,2,215.48,United Kingdom
16190,2009-12-14,2011-10-30,8,2723.55,United Kingdom
16191,2009-12-11,2011-12-07,24,15688.02,United Kingdom
16192,2009-12-04,2009-12-04,1,351.3,United Kingdom
16193,2010-10-25,2011-04-17,2,630.43,United Kingdom
16194,2010-11-29,2010-11-29,1,308.6,United Kingdom
16195,2009-12-16,2009-12-16,1,323.25,United Kingdom
16196,2010-08-08,2010-08-08,1,93.3,United Kingdom
16197,2009-12-16,2010-08-27,9,2016.71,United Kingdom
16198,2010-09-28,2011-09-25,2,1030.04,United Kingdom
16199,2010-03-18,2010-11-12,7,942.75,United Kingdom
16200,2009-12-02,2011-12-05,12,5643.45,United Kingdom
16201,2010-10-20,2011-12-06,5,2112.12,United Kingdom
16202,2009-12-02,2010-12-14,9,2501.99,United Kingdom
16203,2010-07-23,2011-10-12,6,1114.54,United Kingdom
16204,2009-12-08,2011-11-16,3,944.24,United Kingdom
16205,2010-06-15,2011-11-09,7,1824.01,United Kingdom
16206,2010-01-24,2011-10-16,13,2589.57,United Kingdom
16207,2011-11-14,2011-11-14,1,394.38,United Kingdom
16208,2010-02-24,2011-10-26,10,3440.45,United Kingdom
16209,2010-06-11,2011-09-12,9,4146.78,United Kingdom
16210,2009-12-02,2011-12-08,33,38469.51,United Kingdom
16211,2010-09-27,2011-09-12,3,1090.59,United Kingdom
16212,2010-02-07,2011-11-20,4,1293.71,United Kingdom
16213,2011-09-22,2011-09-22,1,159.0,United Kingdom
16214,2010-09-30,2011-06-22,4,2038.25,United Kingdom
16215,2011-09-20,2011-09-20,1,242.35,United Kingdom
16216,2011-03-17,2011-03-17,1,914.93,United Kingdom
16217,2011-03-02,2011-04-18,2,304.25,United Kingdom
16218,2010-05-27,2011-11-10,13,4439.97,United Kingdom
16219,2010-07-27,2010-07-27,1,40.8,United Kingdom
16221,2010-08-10,2011-11-03,9,2234.06,United Kingdom
16222,2009-12-18,2011-01-25,2,1345.22,United Kingdom
16223,2010-11-09,2010-11-30,2,1102.35,United Kingdom
16224,2010-11-17,2011-10-13,5,1616.54,United Kingdom
16225,2010-02-07,2011-10-26,15,2867.41,United Kingdom
16226,2010-10-22,2011-05-20,5,672.17,United Kingdom
16227,2010-06-22,2011-04-28,3,1027.22,United Kingdom
16228,2010-11-04,2010-11-19,3,890.81,United Kingdom
16229,2010-05-24,2011-09-13,6,2867.86,United Kingdom
16230,2011-05-03,2011-06-03,2,542.03,United Kingdom
16231,2010-04-21,2010-11-25,4,1078.22,United Kingdom
16232,2010-06-07,2011-10-27,7,2712.97,United Kingdom
16233,2009-12-02,2011-09-29,9,1965.71,United Kingdom
16234,2010-05-27,2010-08-20,3,333.18,United Kingdom
16235,2010-08-26,2011-10-30,8,2043.71,United Kingdom
16236,2011-09-22,2011-09-22,1,432.2,United Kingdom
16237,2010-09-28,2010-09-28,1,136.65,United Kingdom
16238,2010-10-13,2010-10-13,1,63.66,United Kingdom
16239,2010-09-02,2011-10-14,6,1492.2,United Kingdom
16240,2011-09-23,2011-11-15,2,3718.8,United Kingdom
16241,2010-10-25,2011-11-30,16,4326.26,United Kingdom
16242,2010-03-15,2011-12-01,14,7474.4,United Kingdom
16243,2011-10-16,2011-11-06,2,409.1,United Kingdom
16244,2010-12-02,2011-05-12,2,2579.38,United Kingdom
16245,2011-03-28,2011-11-16,3,1413.66,United Kingdom
16246,2010-02-08,2010-09-06,2,827.25,United Kingdom
16247,2011-06-22,2011-06-22,1,114.56,United Kingdom
16248,2011-10-09,2011-10-09,1,152.94,United Kingdom
16249,2011-04-14,2011-10-18,5,1800.07,United Kingdom
16250,2010-11-18,2011-03-23,3,791.38,United Kingdom
16251,2010-07-15,2010-07-15,1,128.31,United Kingdom
16252,2010-11-22,2010-11-22,1,295.09,United Kingdom
16253,2009-12-08,2011-10-04,7,7260.15,United Kingdom
16254,2010-03-17,2010-11-26,3,985.14,United Kingdom
16255,2010-01-24,2011-11-23,15,4906.8,United Kingdom
16256,2010-04-21,2011-03-18,3,1579.37,United Kingdom
16257,2011-06-16,2011-06-16,1,21.95,United Kingdom
16258,2010-03-10,2011-10-25,15,11942.52,United Kingdom
16259,2010-04-13,2010-10-25,3,361.94,United Kingdom
16260,2011-10-20,2011-10-20,1,1035.45,United Kingdom
16261,2010-09-23,2011-11-22,6,1059.45,United Kingdom
16262,2010-11-26,2010-11-26,1,755.15,United Kingdom
16263,2010-10-12,2010-10-12,1,351.01,United Kingdom
16264,2010-09-19,2010-09-27,2,837.53,United Kingdom
16265,2010-10-28,2011-11-30,12,6685.17,United Kingdom
16266,2010-02-04,2011-09-27,14,1757.95,United Kingdom
16267,2010-04-27,2010-04-27,1,186.66,United Kingdom
16268,2011-09-29,2011-09-29,2,617.65,United Kingdom
16269,2010-09-28,2010-09-28,1,717.57,United Kingdom
16270,2010-12-21,2010-12-21,1,1141.24,United Kingdom
16271,2010-03-07,2011-11-24,8,3433.02,United Kingdom
16272,2011-08-15,2011-08-15,1,411.7,United Kingdom
16273,2010-02-21,2010-03-01,2,336.04,United Kingdom
16274,2010-12-01,2010-12-01,1,675.5,United Kingdom
16275,2010-03-08,2011-05-27,3,2151.11,United Kingdom
16276,2010-04-11,2011-06-16,3,2629.39,United Kingdom
16277,2009-12-06,2009-12-06,1,188.69,United Kingdom
16278,2010-07-28,2011-08-31,3,1117.84,United Kingdom
16279,2010-04-22,2011-11-18,9,5705.08,United Kingdom
16280,2009-12-14,2009-12-14,1,238.05,United Kingdom
16281,2010-01-26,2011-09-28,3,3424.02,United Kingdom
16282,2009-12-21,2011-01-04,3,1307.58,United Kingdom
16283,2010-02-28,2011-12-04,8,4402.12,United Kingdom
16284,2010-11-11,2011-11-08,3,1029.77,United Kingdom
16285,2010-03-03,2010-03-03,1,176.9,United Kingdom
16286,2010-03-26,2010-08-19,2,328.95,United Kingdom
16287,2010-01-19,2011-06-23,5,1006.98,United Kingdom
16288,2010-08-26,2010-08-26,1,129.85,United Kingdom
16289,2010-09-03,2010-09-03,1,136.31,United Kingdom
16290,2010-05-23,2010-09-01,4,2069.3,United Kingdom
16291,2010-01-26,2010-01-26,1,117.72,Portugal
16292,2010-04-14,2011-08-10,5,1253.76,United Kingdom
16293,2009-12-11,2011-11-18,15,4657.95,United Kingdom
16294,2010-08-20,2010-08-20,1,126.05,United Kingdom
16295,2011-10-06,2011-11-30,4,1328.55,United Kingdom
16296,2009-12-18,2010-03-23,4,1313.67,United Kingdom
16297,2011-03-16,2011-03-16,1,301.9,United Kingdom
16298,2010-09-23,2011-11-17,7,1085.7,United Kingdom
16299,2010-08-19,2010-08-19,1,193.65,United Kingdom
16300,2010-02-02,2010-10-05,3,1392.43,United Kingdom
16301,2009-12-03,2009-12-03,1,107.33,United Kingdom
16302,2011-08-05,2011-08-05,1,233.22,United Kingdom
16303,2010-03-18,2011-11-14,7,7928.27,United Kingdom
16304,2010-01-14,2010-01-14,1,381.66,United Kingdom
16305,2011-07-24,2011-07-24,1,361.22,United Kingdom
16306,2010-10-01,2011-05-10,7,1192.82,United Kingdom
16307,2010-05-11,2010-10-06,3,1194.92,United Kingdom
16308,2009-12-15,2011-11-02,7,5120.0,United Kingdom
16309,2011-04-13,2011-08-25,2,706.57,United Kingdom
16310,2010-03-07,2010-10-21,2,460.08,United Kingdom
16311,2011-10-21,2011-11-22,2,616.26,United Kingdom
16312,2010-10-03,2010-10-03,1,171.15,United Kingdom
16313,2011-10-21,2011-12-06,2,274.15,United Kingdom
16314,2010-08-24,2010-11-15,3,1491.4,United Kingdom
16315,2010-06-21,2011-01-13,2,402.71,United Kingdom
16316,2010-08-03,2011-10-06,13,5744.91,United Kingdom
16317,2010-05-04,2011-08-12,5,2192.51,United Kingdom
16318,2011-11-04,2011-11-04,1,328.15,United Kingdom
16319,2011-05-06,2011-05-06,1,404.4,United Kingdom
16320,2010-01-27,2011-06-20,6,5628.99,Unspecified
16321,2009-12-01,2011-09-28,7,604.55,Australia
16322,2011-11-03,2011-12-08,2,326.75,United Kingdom
16323,2010-05-11,2011-05-27,2,353.66,United Kingdom
16324,2011-06-15,2011-08-03,3,428.68,United Kingdom
16325,2009-12-04,2011-10-24,12,3597.5,United Kingdom
16326,2010-01-28,2011-12-04,24,4731.99,United Kingdom
16327,2009-12-14,2011-11-25,16,10670.14,United Kingdom
16328,2010-05-25,2010-05-25,1,310.83,United Kingdom
16329,2009-12-01,2010-10-08,4,1703.07,United Kingdom
16330,2010-02-15,2011-11-22,7,634.33,United Kingdom
16331,2010-03-07,2010-10-03,6,2037.7,United Kingdom
16332,2010-04-29,2011-11-11,11,2007.89,United Kingdom
16333,2011-02-03,2011-12-02,22,26626.8,United Kingdom
16334,2010-08-04,2010-08-04,1,277.48,United Kingdom
16335,2009-12-04,2010-06-06,7,2774.0,United Kingdom
16336,2010-03-18,2010-10-15,4,3517.69,United Kingdom
16337,2011-11-03,2011-11-03,1,151.05,United Kingdom
16338,2011-07-05,2011-07-05,1,214.8,United Kingdom
16339,2011-02-28,2011-02-28,1,109.95,United Kingdom
16340,2010-06-06,2011-08-24,3,1526.06,United Kingdom
16341,2010-04-09,2011-11-15,7,3850.79,United Kingdom
16342,2011-06-13,2011-09-25,4,322.41,United Kingdom
16343,2010-10-28,2011-11-23,3,687.07,United Kingdom
16344,2010-02-09,2011-07-04,4,842.42,United Kingdom
16345,2010-08-13,2011-10-26,2,1198.74,United Kingdom
16346,2010-11-19,2010-11-19,1,224.51,United Kingdom
16347,2010-03-12,2011-11-28,11,3509.41,United Kingdom
16348,2010-10-05,2011-11-07,8,1795.88,United Kingdom
16349,2011-02-22,2011-02-22,1,53.5,United Kingdom
16350,2010-10-07,2011-11-18,9,2253.89,United Kingdom
16351,2009-12-04,2011-01-11,13,3330.03,United Kingdom
16352,2011-11-02,2011-11-22,2,494.44,United Kingdom
16353,2009-12-07,2011-12-06,38,9999.46,United Kingdom
16354,2010-04-27,2011-10-07,5,1129.51,United Kingdom
16355,2010-11-29,2010-11-29,1,416.35,United Kingdom
16356,2010-06-06,2011-05-26,6,415.87,United Kingdom
16357,2010-11-23,2011-11-06,4,868.37,United Kingdom
16358,2010-11-10,2011-12-08,5,2919.65,United Kingdom
16359,2010-02-16,2011-12-02,16,2697.75,United Kingdom
16360,2011-09-12,2011-12-05,6,3512.53,United Kingdom
16361,2011-09-29,2011-11-30,4,896.66,United Kingdom
16362,2010-09-28,2011-11-07,6,946.94,United Kingdom
16363,2011-10-17,2011-10-17,1,109.36,United Kingdom
16364,2011-07-25,2011-11-28,2,707.04,United Kingdom
16365,2009-12-11,2011-11-22,15,3307.2,United Kingdom
16366,2009-12-16,2011-11-21,4,1548.13,United Kingdom
16367,2010-11-21,2011-11-02,3,1362.4,United Kingdom
16368,2010-09-30,2011-12-07,3,640.21,United Kingdom
16369,2010-04-07,2011-11-21,7,2662.73,United Kingdom
16370,2011-04-28,2011-09-18,4,1320.56,United Kingdom
16371,2010-09-17,2010-09-17,1,157.2,United Kingdom
16372,2010-04-11,2011-11-06,5,1328.61,United Kingdom
16373,2010-10-24,2010-11-22,2,309.49,United Kingdom
16374,2010-04-30,2011-10-04,5,1757.6,United Kingdom
16375,2010-08-26,2010-08-26,2,104.0,United Kingdom
16376,2011-11-22,2011-12-01,2,987.01,United Kingdom
16377,2010-04-01,2011-03-17,2,1308.48,United Kingdom
16378,2011-02-02,2011-04-06,3,362.95,United Kingdom
16379,2011-09-22,2011-12-05,4,2157.4,United Kingdom
16380,2011-10-09,2011-10-09,1,1780.59,United Kingdom
16381,2010-10-17,2010-11-09,2,258.7,United Kingdom
16382,2010-06-07,2010-10-27,2,353.1,United Kingdom
16383,2010-02-04,2011-09-26,7,2966.14,United Kingdom
16384,2010-04-28,2011-09-11,4,1358.95,United Kingdom
16385,2010-03-18,2011-10-10,5,1030.61,United Kingdom
16386,2010-11-17,2011-11-11,3,1102.59,United Kingdom
16387,2010-03-11,2011-01-21,5,918.55,United Kingdom
16388,2010-02-24,2010-02-24,1,186.05,United Kingdom
16389,2011-03-01,2011-10-17,4,1382.07,United Kingdom
16390,2010-01-29,2010-06-21,3,467.5,United Kingdom
16391,2010-05-27,2010-11-04,4,1100.21,United Kingdom
16392,2010-05-27,2011-03-15,3,761.8,United Kingdom
16393,2009-12-01,2011-12-07,23,5561.66,United Kingdom
16394,2011-02-23,2011-10-14,5,1555.34,United Kingdom
16395,2009-12-06,2011-10-10,14,3537.0,United Kingdom
16396,2010-08-20,2010-08-20,1,137.8,United Kingdom
16397,2010-03-21,2010-03-21,1,127.88,United Kingdom
16398,2011-03-31,2011-07-08,2,1705.8,United Kingdom
16399,2010-11-15,2011-11-20,3,640.02,United Kingdom
16400,2009-12-08,2011-09-06,9,3159.44,United Kingdom
16401,2010-06-02,2011-12-08,23,6847.45,United Kingdom
16402,2010-12-05,2011-03-20,2,511.4,United Kingdom
16403,2011-01-31,2011-01-31,1,177.5,United Kingdom
16404,2011-09-30,2011-09-30,1,443.05,United Kingdom
16405,2011-02-02,2011-02-10,2,167.25,United Kingdom
16406,2010-02-24,2011-11-21,3,552.68,United Kingdom
16407,2010-10-03,2011-11-27,14,2821.65,United Kingdom
16408,2010-04-27,2010-04-27,1,231.93,United Kingdom
16409,2009-12-13,2011-11-03,12,5709.04,United Kingdom
16410,2009-12-05,2009-12-05,1,130.32,United Kingdom
16411,2010-10-07,2011-11-20,4,910.19,United Kingdom
16412,2010-02-04,2011-10-17,5,647.23,United Kingdom
16413,2010-11-29,2011-10-14,2,528.98,United Kingdom
16414,2010-01-14,2011-11-18,5,559.71,United Kingdom
16415,2010-02-01,2011-10-26,3,719.44,United Kingdom
16416,2010-02-23,2011-11-13,9,2972.88,United Kingdom
16417,2010-08-04,2010-08-04,1,35.7,United Kingdom
16418,2010-10-13,2011-10-26,5,1101.94,United Kingdom
16419,2010-02-09,2011-08-19,8,1487.42,United Kingdom
16420,2010-11-08,2010-11-08,1,75.0,United Kingdom
16421,2010-08-27,2010-11-28,3,526.27,United Kingdom
16422,2010-01-12,2011-11-22,108,63459.47,United Kingdom
16423,2011-11-15,2011-11-15,1,346.12,United Kingdom
16424,2010-11-22,2011-06-01,2,443.06,United Kingdom
16425,2011-02-10,2011-02-10,1,302.7,United Kingdom
16426,2011-03-08,2011-12-07,10,1908.25,United Kingdom
16427,2011-02-28,2011-03-21,2,241.06,United Kingdom
16428,2010-07-30,2010-10-22,3,660.28,United Kingdom
16429,2011-08-25,2011-08-25,1,284.55,United Kingdom
16430,2010-01-27,2011-10-13,6,1102.94,United Kingdom
16431,2011-02-15,2011-05-10,3,642.81,United Kingdom
16432,2011-10-06,2011-10-06,1,287.4,United Kingdom
16433,2010-10-27,2011-11-11,2,384.52,United Kingdom
16434,2010-01-17,2011-11-10,12,2741.74,United Kingdom
16435,2010-07-13,2010-07-15,3,1011.57,United Kingdom
16436,2009-12-06,2010-02-09,3,329.34,United Kingdom
16437,2010-10-06,2010-11-23,2,301.25,United Kingdom
16438,2011-09-18,2011-12-04,5,798.35,United Kingdom
16439,2009-12-17,2009-12-17,1,310.7,United Kingdom
16440,2010-08-03,2011-12-02,6,3856.97,United Kingdom
16441,2010-03-22,2011-10-03,5,1028.48,United Kingdom
16442,2009-12-13,2011-12-08,5,899.47,United Kingdom
16443,2010-07-07,2010-07-07,1,162.24,United Kingdom
16444,2010-03-24,2011-10-24,17,3656.58,United Kingdom
16445,2010-10-24,2011-11-06,4,602.73,United Kingdom
16446,2011-05-18,2011-12-09,2,168472.5,United Kingdom
16447,2010-02-17,2011-07-27,3,775.14,United Kingdom
16448,2010-08-25,2011-05-25,2,367.87,United Kingdom
16449,2011-03-04,2011-05-26,2,707.69,United Kingdom
16450,2010-02-21,2011-07-13,3,1505.73,United Kingdom
16451,2009-12-04,2011-09-13,3,1013.15,United Kingdom
16452,2010-01-15,2010-03-19,2,332.17,United Kingdom
16453,2010-06-09,2010-06-27,2,251.71,United Kingdom
16454,2010-04-07,2011-10-06,3,29.95,United Kingdom
16455,2010-03-30,2011-10-07,11,4384.37,United Kingdom
16456,2010-03-29,2011-09-01,13,6862.91,United Kingdom
16457,2011-05-05,2011-05-05,1,208.36,United Kingdom
16458,2010-05-26,2011-12-07,30,5715.34,United Kingdom
16459,2009-12-10,2009-12-10,1,71.79,United Kingdom
16460,2011-09-19,2011-11-11,3,814.72,United Kingdom
16461,2010-03-03,2011-06-15,3,1609.22,United Kingdom
16462,2011-03-01,2011-09-27,3,136.0,United Kingdom
16463,2011-05-19,2011-11-18,4,1422.4,United Kingdom
16464,2011-07-20,2011-11-20,3,1314.68,United Kingdom
16465,2010-09-21,2010-10-15,2,746.24,United Kingdom
16466,2010-03-07,2011-11-06,15,3838.59,United Kingdom
16467,2009-12-02,2010-07-19,7,2869.16,United Kingdom
16468,2010-08-15,2011-09-26,3,787.52,United Kingdom
16469,2010-07-13,2011-11-16,5,828.91,United Kingdom
16470,2009-12-11,2011-10-19,11,2458.6,United Kingdom
16471,2010-02-25,2011-03-10,4,1189.98,United Kingdom
16472,2010-04-21,2010-10-01,2,789.6,United Kingdom
16473,2010-11-30,2011-06-28,4,470.83,United Kingdom
16474,2011-07-17,2011-12-02,7,1871.34,United Kingdom
16475,2011-03-11,2011-09-12,4,544.3,United Kingdom
16476,2010-10-04,2010-10-04,1,350.35,United Kingdom
16477,2010-08-12,2011-10-07,11,4320.02,United Kingdom
16478,2011-10-05,2011-11-14,3,331.0,United Kingdom
16479,2011-11-29,2011-11-29,2,300.83,United Kingdom
16480,2011-09-25,2011-09-25,1,769.29,United Kingdom
16481,2010-01-26,2010-01-26,1,453.38,United Kingdom
16482,2011-11-24,2011-11-24,1,220.62,United Kingdom
16483,2011-05-31,2011-05-31,1,139.35,United Kingdom
16484,2011-06-02,2011-06-19,2,404.3,United Kingdom
16485,2009-12-06,2011-09-23,5,2294.68,United Kingdom
16486,2010-06-20,2010-06-20,1,134.36,United Kingdom
16487,2010-02-18,2010-05-11,2,209.4,United Kingdom
16488,2011-07-14,2011-11-06,3,498.8,United Kingdom
16489,2010-09-29,2010-11-24,2,303.7,United Kingdom
16490,2010-09-29,2010-09-29,1,205.41,United Kingdom
16491,2010-10-22,2011-10-24,2,1533.16,United Kingdom
16492,2010-06-17,2010-06-17,1,385.56,United Kingdom
16493,2010-03-26,2011-09-21,7,2132.09,United Kingdom
16494,2011-02-16,2011-02-16,1,826.53,United Kingdom
16495,2011-03-08,2011-12-06,3,684.41,United Kingdom
16496,2010-07-18,2011-12-01,6,2330.77,United Kingdom
16497,2009-12-03,2011-10-21,23,6695.28,United Kingdom
16498,2011-06-30,2011-07-01,2,100.97,United Kingdom
16499,2010-06-11,2010-12-14,8,2578.34,United Kingdom
16500,2010-06-14,2011-12-05,9,843.91,United Kingdom
16501,2010-11-21,2010-11-21,1,1237.23,United Kingdom
16502,2010-03-29,2010-03-29,2,266.5,United Kingdom
16503,2010-06-21,2011-08-25,11,3614.34,United Kingdom
16504,2011-11-14,2011-11-14,1,484.38,United Kingdom
16505,2011-11-08,2011-11-08,1,777.6,United Kingdom
16506,2011-10-30,2011-11-20,2,90.3,United Kingdom
16507,2010-05-16,2010-05-16,1,152.76,United Kingdom
16508,2010-03-19,2010-03-19,1,248.8,United Kingdom
16509,2011-02-16,2011-02-16,1,363.7,United Kingdom
16510,2010-01-17,2010-12-02,6,2079.75,United Kingdom
16511,2010-03-01,2011-11-18,6,1817.02,United Kingdom
16513,2011-10-27,2011-12-05,4,874.59,United Kingdom
16515,2010-06-17,2011-10-18,10,3216.3,United Kingdom
16516,2011-11-09,2011-11-09,1,101.7,United Kingdom
16517,2011-03-07,2011-03-07,1,162.7,United Kingdom
16518,2010-06-01,2011-10-09,4,959.37,United Kingdom
16519,2010-03-01,2011-11-14,4,554.16,United Kingdom
16520,2010-03-02,2011-06-06,6,2482.62,United Kingdom
16521,2010-03-01,2010-10-20,3,1144.26,United Kingdom
16522,2010-09-15,2010-09-30,2,433.36,United Kingdom
16523,2010-01-24,2011-12-08,28,11916.33,United Kingdom
16524,2010-01-17,2010-09-19,2,308.14,United Kingdom
16525,2009-12-02,2011-12-07,48,24582.64,United Kingdom
16526,2010-05-04,2011-06-21,2,717.21,United Kingdom
16527,2010-10-11,2011-09-19,2,1272.44,United Kingdom
16528,2011-12-06,2011-12-06,1,244.41,United Kingdom
16529,2010-06-27,2011-06-02,4,2012.0,United Kingdom
16530,2010-02-09,2010-02-09,1,48.35,United Kingdom
16531,2010-09-24,2011-11-17,11,2298.33,United Kingdom
16532,2010-03-29,2011-11-22,5,8756.64,United Kingdom
16533,2011-10-02,2011-11-20,3,1095.56,United Kingdom
16534,2010-03-07,2010-03-07,1,635.9,United Kingdom
16535,2010-11-19,2011-12-04,2,981.59,United Kingdom
16536,2011-08-21,2011-08-21,1,548.97,United Kingdom
16537,2010-03-08,2010-03-08,1,10.55,United Kingdom
16538,2010-04-23,2010-06-16,3,399.62,United Kingdom
16539,2010-06-25,2011-12-07,10,3732.01,United Kingdom
16540,2010-10-21,2010-10-21,1,226.7,United Kingdom
16541,2009-12-04,2009-12-04,1,424.03,United Kingdom
16542,2010-11-03,2011-10-17,2,257.32,United Kingdom
16543,2010-04-27,2010-04-27,1,292.21,United Kingdom
16544,2010-02-15,2010-07-08,4,376.7,United Kingdom
16545,2010-11-29,2011-06-28,2,689.82,United Kingdom
16546,2010-09-23,2011-02-22,5,5606.47,United Kingdom
16547,2010-06-11,2010-06-11,1,111.71,United Kingdom
16548,2010-04-19,2010-04-19,1,30.15,United Kingdom
16549,2010-03-28,2011-11-29,34,13182.19,United Kingdom
16550,2009-12-02,2011-08-23,18,9429.23,United Kingdom
16551,2009-12-13,2011-09-05,7,2237.12,United Kingdom
16552,2010-12-01,2011-04-11,2,475.02,United Kingdom
16553,2010-02-11,2011-06-29,33,16644.01,United Kingdom
16554,2009-12-15,2011-10-28,8,2841.72,United Kingdom
16555,2010-07-22,2011-11-04,6,1915.68,United Kingdom
16556,2009-12-07,2011-10-04,17,8012.58,United Kingdom
16557,2011-07-25,2011-11-15,2,281.85,United Kingdom
16558,2009-12-03,2011-12-09,38,13873.51,United Kingdom
16559,2010-11-07,2010-11-07,1,185.2,United Kingdom
16560,2009-12-08,2011-11-13,8,3048.38,United Kingdom
16561,2011-10-11,2011-12-04,2,511.12,United Kingdom
16562,2010-08-20,2010-08-20,1,223.86,United Kingdom
16563,2009-12-01,2011-10-17,6,4422.76,United Kingdom
16564,2010-05-19,2010-05-19,1,87.8,United Kingdom
16565,2010-06-02,2010-12-10,4,773.05,United Kingdom
16566,2011-02-20,2011-11-24,5,614.66,United Kingdom
16567,2011-01-07,2011-05-29,2,865.6,United Kingdom
16568,2010-03-08,2010-10-08,2,1020.9,United Kingdom
16569,2009-12-16,2011-12-06,5,1455.23,United Kingdom
16570,2010-03-30,2011-11-24,20,7434.31,United Kingdom
16571,2010-03-18,2011-11-13,10,4248.74,United Kingdom
16572,2011-03-09,2011-08-04,3,1009.6,United Kingdom
16573,2011-02-22,2011-09-16,2,663.61,United Kingdom
16574,2010-02-19,2011-09-29,3,1301.78,United Kingdom
16576,2010-07-06,2010-10-15,2,540.87,United Kingdom
16577,2010-02-11,2010-02-11,1,380.0,United Kingdom
16578,2010-03-23,2010-03-23,1,156.6,United Kingdom
16579,2010-10-10,2010-10-10,1,295.05,United Kingdom
16581,2011-06-10,2011-06-10,1,105.84,United Kingdom
16582,2011-08-18,2011-08-18,1,313.62,United Kingdom
16583,2010-02-04,2010-12-01,2,531.4,United Kingdom
16584,2010-02-16,2011-09-20,5,3163.67,United Kingdom
16585,2010-01-13,2010-04-25,2,341.59,United Kingdom
16586,2010-03-14,2011-04-05,3,1462.78,United Kingdom
16587,2011-04-21,2011-04-21,1,225.15,United Kingdom
16588,2010-05-14,2010-11-18,4,1361.28,United Kingdom
16589,2010-09-15,2011-09-29,4,612.36,United Kingdom
16590,2010-10-21,2010-11-04,2,605.9,United Kingdom
16591,2011-10-02,2011-10-02,1,213.5,United Kingdom
16592,2009-12-18,2011-12-05,28,7807.91,United Kingdom
16593,2009-12-05,2011-10-20,8,1071.14,United Kingdom
16594,2011-09-25,2011-09-25,1,181.09,United Kingdom
16595,2010-01-17,2011-10-09,5,1810.18,United Kingdom
16596,2009-12-10,2011-11-24,4,579.63,United Kingdom
16597,2011-12-05,2011-12-05,1,90.04,United Kingdom
16598,2011-02-27,2011-02-27,1,145.05,United Kingdom
16599,2010-11-19,2010-11-19,1,172.8,United Kingdom
16600,2009-12-18,2011-12-05,13,2153.41,United Kingdom
16601,2010-03-26,2011-10-30,3,683.08,United Kingdom
16602,2010-11-16,2011-11-03,2,763.33,United Kingdom
16603,2011-09-09,2011-09-26,2,482.47,United Kingdom
16604,2010-05-20,2010-05-26,2,432.45,United Kingdom
16605,2009-12-15,2009-12-15,1,60.48,United Kingdom
16606,2010-10-01,2010-10-31,2,357.66,United Kingdom
16607,2010-04-29,2011-11-22,25,5706.87,United Kingdom
16608,2010-02-14,2010-09-12,2,1288.72,United Kingdom
16609,2011-04-01,2011-11-24,7,5493.46,United Kingdom
16610,2011-05-04,2011-05-04,1,75.66,United Kingdom
16611,2010-03-10,2011-06-06,6,1785.13,United Kingdom
16612,2009-12-03,2011-11-07,9,3245.43,United Kingdom
16613,2011-09-30,2011-09-30,1,618.59,United Kingdom
16614,2010-05-10,2011-06-10,3,1179.79,United Kingdom
16615,2010-03-23,2010-03-23,1,291.5,United Kingdom
16616,2011-07-05,2011-11-24,2,500.42,United Kingdom
16617,2011-04-18,2011-04-18,1,151.85,United Kingdom
16618,2011-01-21,2011-11-08,5,2647.59,United Kingdom
16619,2010-02-22,2011-03-21,4,1938.33,United Kingdom
16620,2009-12-01,2011-12-06,6,1758.93,United Kingdom
16621,2011-03-07,2011-10-19,4,813.48,United Kingdom
16622,2010-06-14,2010-06-14,1,225.4,United Kingdom
16623,2010-04-26,2011-04-08,4,1015.24,United Kingdom
16624,2011-05-26,2011-09-20,2,810.57,United Kingdom
16625,2010-06-14,2011-03-10,5,1654.03,United Kingdom
16626,2011-03-18,2011-12-09,17,4413.1,United Kingdom
16627,2011-09-21,2011-09-21,1,322.8,United Kingdom
16628,2010-03-08,2011-11-10,7,2318.1,United Kingdom
16629,2011-09-04,2011-09-27,2,417.73,United Kingdom
16630,2010-10-28,2010-10-28,1,106.8,United Kingdom
16631,2010-02-26,2010-08-15,7,1892.52,United Kingdom
16632,2010-05-07,2010-08-11,2,406.4,United Kingdom
16633,2011-04-19,2011-11-22,6,2883.1,United Kingdom
16634,2010-01-21,2011-05-01,6,1814.61,United Kingdom
16635,2010-10-29,2010-10-29,1,473.0,United Kingdom
16636,2010-03-03,2010-09-27,4,3802.04,United Kingdom
16637,2011-04-28,2011-11-07,4,1154.47,United Kingdom
16638,2010-08-18,2011-11-17,15,2430.53,United Kingdom
16639,2010-10-26,2011-11-08,4,1747.98,United Kingdom
16640,2010-11-07,2010-11-07,1,179.4,United Kingdom
16641,2010-01-07,2011-08-26,2,554.5,United Kingdom
16642,2010-10-20,2011-12-05,3,1077.45,United Kingdom
16643,2010-10-13,2011-04-08,2,923.11,United Kingdom
16644,2011-05-11,2011-06-15,2,833.78,United Kingdom
16645,2009-12-04,2009-12-04,1,160.39,United Kingdom
16646,2010-09-16,2010-09-16,1,678.8,United Kingdom
16647,2010-06-13,2011-06-23,4,541.9,United Kingdom
16648,2010-04-28,2011-10-28,3,672.8,United Kingdom
16649,2010-07-07,2010-07-07,1,306.58,United Kingdom
16650,2010-07-08,2011-09-29,7,1916.11,United Kingdom
16651,2010-05-02,2010-05-02,1,136.2,United Kingdom
16652,2010-03-17,2011-10-12,16,17550.39,United Kingdom
16653,2011-09-29,2011-11-23,2,1212.66,United Kingdom
16654,2010-04-06,2011-07-21,8,1711.47,United Kingdom
16655,2010-01-31,2011-11-22,13,6548.37,United Kingdom
16656,2009-12-04,2011-11-17,30,16833.17,United Kingdom
16657,2011-03-30,2011-11-30,4,933.62,United Kingdom
16658,2010-03-30,2010-12-06,5,804.07,United Kingdom
16659,2011-06-03,2011-06-03,1,39.12,United Kingdom
16660,2010-01-14,2011-11-23,7,1879.55,United Kingdom
16661,2009-12-17,2010-06-17,4,986.63,United Kingdom
16662,2010-11-10,2010-11-10,1,163.8,United Kingdom
16663,2009-12-10,2009-12-10,1,165.0,United Kingdom
16664,2010-05-19,2010-05-19,1,109.2,United Kingdom
16665,2010-12-12,2010-12-12,1,135.4,United Kingdom
16666,2010-03-28,2011-11-20,2,225.94,United Kingdom
16667,2011-02-28,2011-10-02,2,570.13,United Kingdom
16668,2010-03-18,2011-11-24,13,862.42,United Kingdom
16669,2011-09-22,2011-11-16,2,1370.47,United Kingdom
16670,2009-12-10,2011-11-23,20,8030.15,United Kingdom
16671,2011-06-28,2011-11-11,3,1692.27,United Kingdom
16672,2011-03-18,2011-12-07,20,8134.94,United Kingdom
16673,2010-01-29,2010-01-29,1,188.83,United Kingdom
16674,2011-09-02,2011-10-16,2,319.61,United Kingdom
16675,2010-08-18,2010-09-24,2,608.86,United Kingdom
16676,2010-10-17,2011-11-06,6,2361.9,United Kingdom
16677,2010-02-25,2010-10-24,2,880.62,United Kingdom
16678,2011-03-02,2011-12-07,12,3109.99,United Kingdom
16679,2010-06-10,2010-12-08,3,793.06,United Kingdom
16680,2010-06-23,2011-10-27,3,821.45,United Kingdom
16681,2010-03-08,2011-09-28,7,1921.84,United Kingdom
16682,2011-06-05,2011-12-05,5,1028.0,United Kingdom
16683,2010-06-24,2010-06-24,1,320.25,United Kingdom
16684,2009-12-07,2011-12-05,55,147142.77,United Kingdom
16685,2011-10-09,2011-10-09,2,324.24,United Kingdom
16686,2009-12-06,2011-10-23,16,5070.92,United Kingdom
16687,2010-11-14,2010-11-14,1,157.63,United Kingdom
16688,2011-10-10,2011-12-08,4,1260.86,United Kingdom
16689,2011-09-18,2011-09-25,2,422.6,United Kingdom
16690,2010-09-14,2011-09-28,4,353.03,United Kingdom
16691,2010-05-27,2010-10-17,2,178.83,United Kingdom
16692,2010-09-24,2011-03-28,4,1764.7,United Kingdom
16693,2010-02-21,2011-10-02,5,1199.46,United Kingdom
16694,2009-12-16,2009-12-16,1,98.3,United Kingdom
16695,2010-05-27,2010-05-27,2,193.15,United Kingdom
16696,2011-04-05,2011-07-27,4,657.9,United Kingdom
16697,2011-04-12,2011-04-12,1,112.75,United Kingdom
16698,2011-03-31,2011-04-27,2,1998.0,United Kingdom
16699,2009-12-04,2010-11-24,7,994.6,United Kingdom
16700,2009-12-02,2011-12-01,25,9167.71,United Kingdom
16701,2009-12-01,2011-12-01,26,9916.73,United Kingdom
16702,2009-12-07,2010-10-20,4,1109.53,United Kingdom
16704,2010-02-05,2010-03-31,2,695.66,United Kingdom
16705,2009-12-09,2011-12-09,42,43515.05,United Kingdom
16706,2011-08-17,2011-11-02,3,531.35,United Kingdom
16707,2010-03-09,2010-11-04,4,551.11,United Kingdom
16708,2011-10-25,2011-10-25,1,656.63,United Kingdom
16709,2009-12-09,2011-09-16,14,9087.46,United Kingdom
16710,2009-12-04,2011-11-20,22,6349.09,United Kingdom
16711,2009-12-02,2011-12-06,9,2868.48,United Kingdom
16712,2010-11-03,2011-11-30,13,4259.34,United Kingdom
16713,2009-12-15,2011-11-21,32,14560.69,United Kingdom
16714,2010-02-07,2011-01-26,3,1514.8,United Kingdom
16715,2010-05-26,2011-09-22,2,625.52,United Kingdom
16716,2010-03-19,2011-03-18,3,2149.68,United Kingdom
16717,2009-12-07,2011-11-16,14,6986.23,United Kingdom
16718,2009-12-06,2010-12-05,5,3647.53,United Kingdom
16719,2009-12-13,2011-11-25,14,3968.3,United Kingdom
16720,2009-12-17,2011-11-13,3,603.48,United Kingdom
16721,2011-03-22,2011-03-22,1,292.47,United Kingdom
16722,2009-12-03,2011-11-22,22,8989.08,United Kingdom
16723,2009-12-04,2011-09-09,4,1301.63,United Kingdom
16724,2010-10-31,2010-10-31,1,147.35,United Kingdom
16725,2009-12-13,2011-02-10,13,1880.66,United Kingdom
16726,2010-10-24,2011-11-13,7,2088.41,United Kingdom
16727,2010-01-20,2010-12-10,4,1437.42,United Kingdom
16728,2011-03-20,2011-10-24,4,1054.67,United Kingdom
16729,2011-04-12,2011-11-01,21,7236.6,United Kingdom
16730,2011-01-24,2011-10-18,3,743.11,United Kingdom
16731,2010-03-01,2010-03-01,1,174.05,United Kingdom
16732,2009-12-08,2011-11-08,4,4387.64,United Kingdom
16733,2010-06-28,2010-06-28,1,259.68,United Kingdom
16734,2011-08-17,2011-10-18,3,650.51,United Kingdom
16735,2009-12-08,2011-09-22,14,6270.56,United Kingdom
16736,2009-12-03,2010-07-22,5,2956.56,United Kingdom
16737,2010-05-11,2011-10-17,2,835.2,United Kingdom
16738,2011-02-15,2011-02-15,1,3.75,United Kingdom
16739,2010-06-21,2011-06-16,2,786.43,United Kingdom
16740,2010-11-09,2010-11-09,1,236.81,United Kingdom
16741,2010-03-24,2010-03-24,1,173.06,United Kingdom
16742,2009-12-16,2010-08-04,13,2387.71,United Kingdom
16743,2010-04-22,2011-11-10,14,4253.26,United Kingdom
16744,2011-06-19,2011-11-28,7,1304.76,United Kingdom
16745,2011-02-01,2011-09-14,17,7194.3,United Kingdom
16746,2009-12-04,2011-12-05,42,18064.7,United Kingdom
16747,2011-10-03,2011-11-02,2,836.06,United Kingdom
16748,2009-12-10,2011-11-22,14,3637.33,United Kingdom
16749,2009-12-15,2010-04-27,2,4387.08,United Kingdom
16750,2011-04-21,2011-10-26,5,623.93,United Kingdom
16751,2011-11-09,2011-11-09,1,1764.72,United Kingdom
16752,2010-12-02,2010-12-02,1,415.0,United Kingdom
16753,2011-10-12,2011-10-12,1,223.92,United Kingdom
16754,2010-03-08,2010-12-02,29,67502.47,United Kingdom
16755,2009-12-09,2011-08-17,7,2900.58,United Kingdom
16756,2010-03-09,2011-05-09,7,1312.37,United Kingdom
16757,2010-10-26,2011-01-25,2,270.48,United Kingdom
16758,2011-10-05,2011-10-05,1,369.34,United Kingdom
16759,2011-11-09,2011-12-02,3,789.79,United Kingdom
16760,2010-10-05,2010-10-05,1,228.0,United Kingdom
16761,2011-09-04,2011-09-04,1,316.62,United Kingdom
16762,2011-07-18,2011-11-20,3,1501.38,United Kingdom
16763,2009-12-01,2011-05-25,2,964.7,United Kingdom
16764,2011-07-19,2011-12-06,13,2799.25,United Kingdom
16765,2010-11-22,2011-02-18,2,454.75,United Kingdom
16766,2011-03-11,2011-03-11,2,1145.6,United Kingdom
16767,2010-04-28,2011-11-09,15,8069.45,United Kingdom
16768,2009-12-07,2011-10-23,9,1708.12,United Kingdom
16769,2009-12-14,2011-03-24,4,1141.75,United Kingdom
16770,2010-08-22,2011-10-13,9,1932.13,United Kingdom
16771,2009-12-09,2011-11-06,10,3939.1,United Kingdom
16772,2009-12-18,2010-10-12,3,3723.55,United Kingdom
16773,2009-12-06,2011-10-13,3,421.24,United Kingdom
16774,2010-02-16,2011-10-03,8,1594.45,United Kingdom
16775,2010-09-23,2011-11-29,16,3056.89,United Kingdom
16776,2010-10-20,2011-10-10,2,619.85,United Kingdom
16777,2010-03-17,2011-09-20,5,1307.76,United Kingdom
16778,2011-03-10,2011-09-26,2,245.94,United Kingdom
16779,2009-12-03,2011-12-07,53,33268.24,United Kingdom
16780,2010-10-28,2011-08-31,3,605.55,United Kingdom
16781,2010-02-08,2010-12-02,2,934.25,United Kingdom
16782,2009-12-09,2011-11-29,38,10438.41,United Kingdom
16783,2010-09-29,2010-09-29,1,391.95,United Kingdom
16784,2010-03-28,2011-11-20,5,896.53,United Kingdom
16785,2010-10-26,2010-10-26,1,533.78,United Kingdom
16786,2010-11-11,2010-11-11,1,51.84,United Kingdom
16787,2010-01-10,2010-11-07,4,1035.43,United Kingdom
16788,2010-02-07,2011-08-08,5,1948.65,United Kingdom
16789,2011-12-01,2011-12-01,1,80.8,United Kingdom
16790,2011-11-02,2011-12-06,6,1545.62,United Kingdom
16791,2009-12-03,2011-11-10,15,4025.94,United Kingdom
16792,2010-01-04,2011-03-02,5,623.46,United Kingdom
16793,2011-10-13,2011-10-13,1,243.84,United Kingdom
16794,2010-03-25,2011-12-08,15,2088.89,United Kingdom
16795,2010-01-25,2010-12-09,3,2492.39,United Kingdom
16796,2011-09-11,2011-09-11,1,305.62,United Kingdom
16797,2009-12-02,2010-11-11,5,1827.77,United Kingdom
16798,2009-12-10,2010-06-03,3,848.71,United Kingdom
16799,2010-09-12,2010-10-03,2,495.98,United Kingdom
16800,2011-11-28,2011-11-28,1,1201.49,United Kingdom
16801,2011-03-11,2011-06-29,4,1619.73,United Kingdom
16802,2009-12-09,2010-01-29,2,582.61,United Kingdom
16803,2011-10-05,2011-10-05,1,332.3,United Kingdom
16804,2011-03-14,2011-11-16,3,536.99,United Kingdom
16805,2009-12-14,2011-06-19,4,1082.24,United Kingdom
16806,2011-04-14,2011-08-28,4,775.54,United Kingdom
16807,2010-03-26,2011-07-20,6,2123.88,United Kingdom
16808,2011-03-10,2011-09-01,2,288.42,United Kingdom
16809,2010-04-13,2011-11-16,9,1727.43,United Kingdom
16810,2010-10-15,2011-05-31,2,842.04,United Kingdom
16811,2011-11-22,2011-12-05,2,547.07,United Kingdom
16812,2010-11-22,2010-12-14,4,2392.0,United Kingdom
16813,2011-05-19,2011-12-01,10,1692.98,United Kingdom
16814,2010-04-11,2011-11-25,36,12489.81,United Kingdom
16815,2010-06-21,2010-09-12,2,410.97,United Kingdom
16816,2010-12-16,2011-08-28,4,417.06,United Kingdom
16817,2010-10-04,2011-12-07,13,2804.9,United Kingdom
16818,2011-05-18,2011-11-29,11,3349.57,United Kingdom
16819,2010-08-31,2010-08-31,2,182.59,United Kingdom
16820,2011-09-05,2011-09-05,1,497.61,United Kingdom
16821,2010-11-23,2010-11-23,1,113.35,United Kingdom
16822,2010-01-22,2010-01-22,1,181.39,United Kingdom
16823,2009-12-02,2011-04-26,7,2260.09,United Kingdom
16824,2010-11-11,2011-11-24,3,686.24,United Kingdom
16825,2010-06-23,2011-11-01,5,1826.89,United Kingdom
16826,2011-10-19,2011-10-19,1,341.7,United Kingdom
16827,2010-04-29,2010-11-11,5,387.18,United Kingdom
16828,2011-08-19,2011-08-19,1,113.5,United Kingdom
16829,2010-11-16,2011-07-06,2,513.32,United Kingdom
16830,2009-12-13,2011-11-01,4,1207.5,United Kingdom
16831,2010-05-24,2010-05-24,1,91.8,United Kingdom
16832,2010-09-07,2011-06-08,5,417.61,United Kingdom
16833,2010-03-26,2011-12-08,6,2409.04,United Kingdom
16834,2010-02-03,2011-04-26,2,898.96,United Kingdom
16835,2010-05-19,2011-08-03,6,1538.41,United Kingdom
16836,2010-05-14,2011-10-31,4,782.37,United Kingdom
16837,2011-04-08,2011-11-08,11,3170.98,United Kingdom
16838,2010-02-14,2011-05-26,4,1159.61,United Kingdom
16839,2010-02-11,2011-12-01,44,22310.49,United Kingdom
16840,2010-02-03,2010-04-15,2,139.85,United Kingdom
16841,2010-01-12,2011-11-03,12,4006.06,United Kingdom
16842,2011-02-10,2011-08-31,3,1264.19,United Kingdom
16843,2009-12-10,2011-10-28,35,19571.43,United Kingdom
16844,2010-05-06,2010-05-26,2,614.34,United Kingdom
16845,2010-03-31,2010-03-31,1,253.88,United Kingdom
16846,2010-03-10,2011-10-20,3,842.41,United Kingdom
16847,2010-03-31,2011-10-27,2,614.89,United Kingdom
16848,2010-10-03,2011-10-18,4,1411.62,United Kingdom
16849,2011-06-06,2011-06-06,1,124.57,United Kingdom
16850,2011-01-10,2011-01-10,1,332.41,United Kingdom
16851,2011-10-19,2011-12-05,3,342.45,United Kingdom
16852,2011-06-16,2011-11-29,2,144.91,United Kingdom
16854,2010-03-09,2010-10-18,2,1408.96,United Kingdom
16855,2011-10-27,2011-11-16,2,328.4,United Kingdom
16856,2010-09-23,2011-11-25,3,358.49,United Kingdom
16857,2010-09-23,2010-09-23,1,352.8,United Kingdom
16858,2009-12-15,2010-12-06,10,4668.28,United Kingdom
16859,2010-03-04,2011-07-18,7,1932.41,United Kingdom
16860,2010-02-15,2010-09-13,3,1610.62,United Kingdom
16861,2010-07-19,2011-10-11,5,946.59,United Kingdom
16862,2010-01-07,2010-06-10,4,662.33,United Kingdom
16863,2010-10-26,2011-11-08,3,998.52,United Kingdom
16864,2010-04-20,2010-10-01,2,409.25,United Kingdom
16865,2010-11-03,2010-11-03,1,130.95,United Kingdom
16866,2011-07-01,2011-07-22,3,207.74,United Kingdom
16867,2010-01-19,2010-01-19,1,76.74,United Kingdom
16868,2010-04-25,2010-11-10,3,393.39,United Kingdom
16869,2011-06-17,2011-11-17,4,825.42,United Kingdom
16870,2010-08-27,2010-08-27,1,450.16,United Kingdom
16871,2011-03-14,2011-11-17,6,2812.34,United Kingdom
16872,2010-09-02,2011-09-23,6,1213.13,United Kingdom
16873,2010-02-09,2011-12-05,12,14617.39,United Kingdom
16874,2010-11-25,2010-11-25,1,217.74,United Kingdom
16875,2010-01-05,2011-10-03,11,4234.53,United Kingdom
16876,2010-11-01,2010-11-01,1,136.01,United Kingdom
16877,2011-05-15,2011-11-27,6,853.72,United Kingdom
16878,2011-09-16,2011-09-16,1,13.3,United Kingdom
16880,2010-08-03,2011-11-09,8,1840.86,United Kingdom
16881,2011-10-04,2011-10-04,1,432.0,United Kingdom
16882,2011-01-26,2011-10-04,3,705.12,United Kingdom
16883,2009-12-04,2011-06-05,19,2396.59,United Kingdom
16884,2010-05-18,2011-11-02,4,1073.92,United Kingdom
16885,2010-11-19,2011-11-24,4,709.49,United Kingdom
16886,2010-09-09,2010-09-09,1,134.0,United Kingdom
16887,2009-12-01,2011-11-04,3,660.72,United Kingdom
16888,2010-01-07,2010-11-04,3,437.15,United Kingdom
16889,2010-05-23,2011-05-29,6,2530.9,United Kingdom
16890,2010-05-06,2010-08-20,3,277.91,United Kingdom
16891,2009-12-04,2011-12-08,11,2056.82,United Kingdom
16892,2009-12-08,2011-12-08,7,762.1,United Kingdom
16893,2010-11-28,2010-12-08,2,401.35,United Kingdom
16894,2010-06-22,2010-07-25,3,1324.06,United Kingdom
16895,2010-02-12,2011-10-06,5,1121.42,United Kingdom
16896,2010-06-02,2010-06-02,1,103.95,United Kingdom
16897,2011-01-30,2011-02-13,2,289.78,United Kingdom
16898,2010-05-12,2011-11-13,5,1016.37,United Kingdom
16899,2010-11-07,2011-12-02,8,1721.02,United Kingdom
16900,2011-10-07,2011-11-23,3,882.16,United Kingdom
16901,2009-12-10,2009-12-10,1,204.26,United Kingdom
16902,2011-08-15,2011-08-15,1,1706.88,United Kingdom
16903,2010-10-20,2011-11-10,3,1062.28,United Kingdom
16904,2010-10-24,2011-12-05,20,5113.57,United Kingdom
16905,2009-12-10,2011-12-04,17,5031.65,United Kingdom
16906,2010-05-13,2011-09-19,7,1447.95,United Kingdom
16907,2010-07-01,2011-11-10,9,1707.9,United Kingdom
16908,2009-12-17,2009-12-17,1,252.59,United Kingdom
16909,2011-09-28,2011-09-28,1,379.14,United Kingdom
16910,2011-09-09,2011-12-05,8,1510.06,United Kingdom
16911,2010-02-16,2010-03-14,2,255.25,United Kingdom
16912,2009-12-09,2011-11-11,15,4480.31,United Kingdom
16913,2010-02-26,2011-02-22,3,423.91,United Kingdom
16914,2011-11-03,2011-11-03,1,208.46,United Kingdom
16915,2010-05-19,2011-11-30,11,1543.18,United Kingdom
16916,2010-10-20,2011-11-16,4,1117.5,United Kingdom
16917,2010-03-17,2011-03-08,2,1857.83,United Kingdom
16918,2009-12-03,2011-10-21,16,3213.29,United Kingdom
16919,2010-08-19,2011-07-06,24,5125.91,United Kingdom
16920,2010-10-24,2010-10-24,1,355.45,United Kingdom
16921,2010-04-18,2011-10-09,3,446.67,United Kingdom
16922,2010-05-16,2010-05-16,1,611.08,United Kingdom
16923,2010-01-31,2011-11-27,32,13378.36,United Kingdom
16924,2011-09-16,2011-11-18,3,846.75,United Kingdom
16925,2010-06-17,2010-06-17,1,125.65,United Kingdom
16926,2010-07-01,2010-12-03,5,1421.35,United Kingdom
16927,2010-12-13,2011-08-16,3,543.05,United Kingdom
16928,2010-02-03,2011-09-20,26,4013.78,United Kingdom
16929,2011-07-07,2011-12-06,7,1295.39,United Kingdom
16930,2011-10-02,2011-11-13,3,380.55,United Kingdom
16931,2010-11-07,2011-12-04,23,5233.62,United Kingdom
16932,2010-05-17,2011-10-17,3,440.71,United Kingdom
16933,2009-12-09,2011-12-08,9,3181.25,United Kingdom
16934,2010-03-28,2011-10-16,6,2110.99,United Kingdom
16935,2010-10-14,2010-11-23,3,535.1,United Kingdom
16936,2010-11-19,2011-11-14,2,551.17,United Kingdom
16937,2010-07-28,2010-07-28,1,202.1,United Kingdom
16938,2010-02-17,2011-12-01,9,7043.18,United Kingdom
16939,2010-02-28,2010-08-08,3,449.0,United Kingdom
16940,2009-12-08,2011-10-18,8,6427.66,United Kingdom
16941,2010-04-07,2010-04-07,1,33.0,United Kingdom
16942,2011-04-26,2011-11-27,9,1920.59,United Kingdom
16943,2011-01-25,2011-05-12,3,816.73,United Kingdom
16944,2010-04-09,2010-04-09,1,101.36,United Kingdom
16945,2009-12-09,2011-11-18,33,8548.16,United Kingdom
16946,2010-03-02,2010-11-21,5,1222.04,United Kingdom
16947,2010-03-03,2011-04-18,4,946.71,United Kingdom
16948,2010-02-21,2011-07-24,7,868.77,United Kingdom
16949,2011-01-27,2011-12-06,6,1286.27,United Kingdom
16950,2010-01-24,2011-10-14,10,3776.37,United Kingdom
16951,2011-02-08,2011-07-28,3,1277.75,United Kingdom
16952,2009-12-11,2011-08-22,5,798.78,United Kingdom
16953,2011-11-09,2011-11-09,1,20.8,United Kingdom
16954,2010-01-18,2011-12-09,20,6081.88,United Kingdom
16955,2010-01-31,2011-06-08,6,1309.41,United Kingdom
16956,2011-11-22,2011-11-22,1,308.74,United Kingdom
16957,2011-03-03,2011-04-14,2,416.64,United Kingdom
16958,2010-09-30,2010-09-30,1,809.44,United Kingdom
16959,2011-09-13,2011-09-13,1,117.35,United Kingdom
16960,2010-03-02,2011-11-01,8,2041.48,United Kingdom
16961,2010-06-25,2011-08-15,3,794.56,United Kingdom
16962,2010-10-26,2010-10-26,1,251.04,United Kingdom
16963,2011-06-05,2011-06-05,1,110.55,United Kingdom
16964,2009-12-06,2009-12-06,2,207.85,United Kingdom
16965,2011-04-27,2011-04-27,1,192.07,United Kingdom
16966,2011-04-13,2011-12-01,7,2154.97,United Kingdom
16967,2011-06-03,2011-06-03,1,319.02,United Kingdom
16968,2011-08-24,2011-12-05,2,439.43,United Kingdom
16969,2011-06-01,2011-10-31,3,650.41,United Kingdom
16970,2010-03-23,2010-03-23,1,71.4,United Kingdom
16971,2011-11-01,2011-11-01,1,357.21,United Kingdom
16972,2010-09-09,2010-11-22,2,786.25,United Kingdom
16973,2010-11-18,2010-11-18,1,127.0,United Kingdom
16974,2010-05-24,2010-07-05,2,365.5,United Kingdom
16975,2010-07-22,2010-10-12,3,926.12,United Kingdom
16976,2011-03-17,2011-03-17,1,251.52,United Kingdom
16977,2010-03-18,2010-11-09,4,496.0,United Kingdom
16978,2010-02-11,2011-09-23,3,768.88,United Kingdom
16979,2010-09-15,2011-12-06,9,2859.74,United Kingdom
16980,2010-10-07,2011-03-29,3,1473.33,United Kingdom
16982,2011-10-10,2011-10-10,1,384.06,United Kingdom
16983,2010-09-19,2011-11-27,11,3710.22,United Kingdom
16984,2010-03-07,2011-09-12,9,10754.8,United Kingdom
16985,2009-12-10,2011-11-22,23,10923.16,United Kingdom
16986,2010-02-04,2011-11-10,11,4888.75,United Kingdom
16987,2009-12-02,2011-12-06,11,2513.95,United Kingdom
16988,2010-11-25,2011-12-04,2,382.67,United Kingdom
16989,2011-07-12,2011-12-02,6,1133.25,United Kingdom
16990,2010-10-13,2011-05-05,2,344.0,United Kingdom
16991,2010-10-14,2010-10-14,1,1041.21,United Kingdom
16992,2010-02-11,2011-11-29,13,5476.5,United Kingdom
16993,2010-05-12,2010-09-02,2,1950.95,United Kingdom
16996,2010-10-18,2011-11-09,9,2123.61,United Kingdom
16997,2011-01-18,2011-02-24,3,702.0,United Kingdom
16998,2010-09-21,2011-07-13,5,402.0,United Kingdom
16999,2011-09-26,2011-11-16,2,484.82,United Kingdom
17000,2010-10-27,2010-11-08,2,406.3,United Kingdom
17001,2010-03-25,2011-12-09,19,6640.8,United Kingdom
17002,2010-03-08,2011-09-15,7,2571.55,United Kingdom
17003,2010-05-10,2010-11-02,4,830.16,United Kingdom
17004,2010-10-11,2011-10-24,4,2425.16,United Kingdom
17005,2010-04-30,2010-08-26,2,742.36,United Kingdom
17006,2010-03-05,2011-12-05,8,1636.32,United Kingdom
17007,2010-09-28,2011-10-20,7,1120.1,United Kingdom
17008,2010-10-06,2010-10-06,1,81.36,United Kingdom
17009,2010-06-06,2010-06-06,1,242.06,United Kingdom
17010,2011-11-21,2011-11-21,1,195.36,United Kingdom
17011,2010-02-26,2011-11-09,3,671.7,United Kingdom
17012,2009-12-14,2009-12-14,1,384.16,United Kingdom
17014,2011-10-04,2011-12-01,3,586.33,United Kingdom
17015,2011-06-07,2011-11-11,3,1842.56,United Kingdom
17016,2010-05-12,2010-05-12,1,552.4,United Kingdom
17017,2009-12-03,2011-12-07,29,14110.61,United Kingdom
17018,2009-12-05,2011-10-30,6,2287.7,United Kingdom
17019,2009-12-02,2011-11-28,11,3996.9,United Kingdom
17020,2010-03-03,2010-06-15,2,935.62,United Kingdom
17021,2010-04-29,2010-09-23,6,1182.22,United Kingdom
17022,2010-10-03,2011-11-08,2,260.0,United Kingdom
17023,2010-01-11,2010-10-18,3,800.18,United Kingdom
17024,2011-07-05,2011-10-25,3,95.85,United Kingdom
17025,2010-03-08,2011-10-10,5,1510.64,United Kingdom
17026,2010-10-18,2011-06-07,3,208.98,United Kingdom
17027,2009-12-10,2011-09-22,9,1327.11,United Kingdom
17028,2009-12-18,2010-05-07,3,1593.83,United Kingdom
17029,2010-02-14,2011-08-21,7,2137.3,United Kingdom
17030,2011-10-07,2011-10-07,1,146.87,United Kingdom
17031,2010-05-07,2011-11-28,6,2773.85,United Kingdom
17032,2009-12-10,2010-04-15,5,2916.97,United Kingdom
17033,2010-11-07,2011-09-14,4,1332.79,United Kingdom
17034,2010-07-14,2011-11-23,5,1283.92,United Kingdom
17035,2009-12-03,2011-04-08,4,613.59,United Kingdom
17036,2010-11-21,2010-11-21,1,176.9,United Kingdom
17037,2011-09-13,2011-09-13,1,1267.32,United Kingdom
17038,2010-10-20,2011-11-09,2,743.17,United Kingdom
17039,2010-04-14,2010-04-14,1,1954.99,United Kingdom
17040,2010-06-07,2011-07-25,2,463.25,United Kingdom
17041,2010-04-18,2011-11-13,6,1686.28,United Kingdom
17042,2011-04-06,2011-12-07,5,1044.38,United Kingdom
17043,2009-12-09,2011-11-07,8,2616.55,United Kingdom
17044,2009-12-07,2011-11-14,12,11962.3,United Kingdom
17045,2010-10-06,2011-08-18,5,827.68,United Kingdom
17046,2010-03-29,2011-07-05,5,1906.07,United Kingdom
17047,2009-12-08,2011-09-15,6,2289.23,United Kingdom
17048,2010-01-18,2011-08-14,7,2071.68,United Kingdom
17049,2010-03-04,2011-12-07,19,9947.48,United Kingdom
17050,2010-01-26,2011-09-04,11,4691.79,United Kingdom
17051,2010-03-21,2011-05-29,4,714.39,United Kingdom
17052,2011-11-11,2011-11-11,1,413.75,United Kingdom
17053,2011-08-01,2011-08-01,1,498.48,United Kingdom
17054,2011-04-08,2011-11-11,5,1356.33,United Kingdom
17055,2010-09-20,2010-09-20,1,239.55,United Kingdom
17056,2009-12-01,2009-12-01,1,128.6,United Kingdom
17057,2010-04-22,2010-04-22,1,288.79,United Kingdom
17058,2011-04-14,2011-09-19,3,1179.89,United Kingdom
17059,2010-01-26,2011-11-10,9,5602.53,United Kingdom
17060,2011-03-18,2011-03-18,1,234.24,United Kingdom
17061,2011-04-21,2011-09-27,11,5232.23,United Kingdom
17062,2010-09-26,2011-01-30,6,1198.14,United Kingdom
17063,2009-12-01,2011-11-18,13,3638.53,United Kingdom
17064,2011-01-16,2011-10-12,3,859.35,United Kingdom
17065,2010-03-12,2010-03-12,2,194.7,United Kingdom
17066,2009-12-13,2009-12-13,1,228.34,United Kingdom
17067,2009-12-08,2009-12-15,3,454.54,United Kingdom
17068,2010-03-28,2011-11-27,47,9147.33,United Kingdom
17069,2009-12-03,2011-11-11,14,5794.28,United Kingdom
17070,2010-10-25,2011-08-17,2,445.32,United Kingdom
17071,2010-01-24,2011-11-11,13,3801.2,United Kingdom
17072,2010-03-24,2010-03-24,1,282.05,United Kingdom
17073,2011-08-22,2011-11-22,4,1444.84,United Kingdom
17074,2010-05-26,2010-05-26,1,203.05,United Kingdom
17075,2009-12-14,2011-11-22,10,2241.73,United Kingdom
17076,2009-12-04,2011-11-03,6,1242.75,United Kingdom
17077,2010-05-10,2010-05-10,1,306.0,United Kingdom
17078,2011-11-03,2011-11-03,2,375.86,United Kingdom
17079,2011-09-22,2011-09-22,1,118.8,United Kingdom
17080,2010-07-01,2011-11-17,7,957.53,United Kingdom
17081,2010-02-22,2011-11-14,6,964.39,United Kingdom
17082,2009-12-15,2011-11-06,6,4732.03,United Kingdom
17083,2010-02-09,2011-08-22,9,4049.79,United Kingdom
17084,2010-11-08,2011-11-04,3,5202.97,United Kingdom
17085,2009-12-06,2011-08-08,28,7883.01,United Kingdom
17086,2011-10-07,2011-12-02,6,2050.08,United Kingdom
17087,2009-12-02,2009-12-02,1,221.53,United Kingdom
17088,2011-03-31,2011-11-11,4,1991.01,United Kingdom
17089,2010-11-18,2010-11-18,1,128.45,United Kingdom
17090,2010-07-19,2011-12-05,13,3149.48,United Kingdom
17091,2009-12-16,2011-12-07,19,7811.1,United Kingdom
17092,2010-02-02,2011-10-20,11,5594.96,United Kingdom
17093,2010-04-26,2010-04-26,1,235.88,United Kingdom
17094,2010-10-12,2011-01-21,2,402.2,United Kingdom
17095,2009-12-15,2011-11-17,7,2572.25,United Kingdom
17096,2010-06-02,2011-11-24,11,3759.18,United Kingdom
17097,2010-10-05,2011-12-07,9,1340.45,Spain
17098,2010-06-17,2010-11-23,3,591.07,United Kingdom
17099,2010-06-24,2010-06-24,1,582.17,United Kingdom
17100,2011-11-21,2011-11-21,2,971.74,United Kingdom
17101,2010-06-07,2011-11-29,7,2507.05,United Kingdom
17102,2011-03-23,2011-03-23,1,25.5,United Kingdom
17103,2009-12-17,2009-12-17,1,424.3,United Kingdom
17104,2010-10-12,2010-10-12,1,474.03,United Kingdom
17105,2011-02-06,2011-07-03,2,665.78,United Kingdom
17106,2010-11-15,2010-11-15,1,491.23,United Kingdom
17107,2010-01-31,2011-11-06,10,16075.42,United Kingdom
17108,2010-02-14,2010-02-14,1,174.95,United Kingdom
17109,2010-07-30,2011-11-10,8,1295.46,United Kingdom
17110,2010-04-08,2011-06-27,3,510.7,United Kingdom
17111,2010-10-10,2011-10-23,2,476.58,United Kingdom
17112,2010-07-25,2010-07-25,1,205.17,United Kingdom
17113,2010-01-11,2010-05-14,6,2322.59,United Kingdom
17114,2011-01-09,2011-12-04,8,808.62,United Kingdom
17115,2009-12-05,2011-12-01,7,2761.49,United Kingdom
17116,2010-03-01,2010-03-01,1,389.78,United Kingdom
17117,2011-02-24,2011-02-24,1,116.2,United Kingdom
17118,2011-01-26,2011-01-26,1,157.02,United Kingdom
17119,2011-10-11,2011-12-06,2,606.91,United Kingdom
17120,2011-04-20,2011-04-20,1,307.46,United Kingdom
17121,2010-11-02,2010-11-02,1,314.74,United Kingdom
17122,2010-07-28,2011-08-12,4,570.5,United Kingdom
17123,2010-05-16,2011-07-01,3,966.67,United Kingdom
17124,2011-06-07,2011-06-07,1,298.89,United Kingdom
17125,2011-10-20,2011-10-20,1,259.35,United Kingdom
17126,2010-08-31,2011-07-10,9,2062.94,United Kingdom
17127,2009-12-04,2010-10-07,5,1155.03,United Kingdom
17128,2011-01-09,2011-01-09,1,157.09,United Kingdom
17129,2010-07-07,2010-07-07,1,31.85,United Kingdom
17131,2011-09-25,2011-12-04,5,2463.17,United Kingdom
17132,2010-08-08,2010-09-13,2,1272.8,United Kingdom
17133,2010-03-21,2011-11-24,12,14622.33,United Kingdom
17134,2010-09-23,2011-08-25,3,637.1,United Kingdom
17135,2010-05-09,2011-11-23,10,1948.36,United Kingdom
17136,2010-02-15,2010-02-15,1,231.68,United Kingdom
17137,2010-01-31,2010-10-19,6,1133.63,United Kingdom
17138,2010-02-04,2011-03-09,7,4417.27,United Kingdom
17139,2010-01-11,2011-11-24,25,19584.46,United Kingdom
17140,2011-04-06,2011-04-06,1,465.32,United Kingdom
17141,2010-01-24,2010-10-17,4,754.33,United Kingdom
17142,2010-01-24,2011-04-14,4,1283.75,United Kingdom
17143,2010-07-12,2010-10-18,2,924.11,United Kingdom
17144,2011-09-16,2011-12-08,2,984.57,United Kingdom
17145,2010-02-19,2010-07-15,4,3120.91,United Kingdom
17146,2010-02-02,2011-08-26,13,5860.24,United Kingdom
17147,2010-01-11,2011-11-17,9,3199.95,United Kingdom
17148,2011-10-19,2011-10-19,1,124.88,United Kingdom
17149,2010-09-14,2010-09-14,1,143.1,United Kingdom
17150,2009-12-06,2010-11-28,6,1375.65,United Kingdom
17151,2009-12-04,2009-12-04,1,231.9,United Kingdom
17152,2010-10-10,2011-05-29,4,2016.5,United Kingdom
17153,2011-11-15,2011-11-15,1,213.78,United Kingdom
17154,2011-09-25,2011-09-25,1,329.34,United Kingdom
17155,2009-12-03,2011-11-22,7,892.46,United Kingdom
17156,2010-08-05,2010-08-05,1,591.87,United Kingdom
17157,2009-12-04,2011-12-02,19,5151.9,United Kingdom
17158,2010-03-07,2011-11-07,5,1980.0,United Kingdom
17159,2010-03-04,2011-11-18,5,2099.59,United Kingdom
17160,2009-12-04,2011-11-08,17,10209.16,United Kingdom
17161,2010-09-21,2010-09-21,1,856.01,United Kingdom
17162,2011-02-07,2011-11-11,10,1715.46,United Kingdom
17163,2010-02-02,2011-11-18,4,699.78,United Kingdom
17164,2011-03-11,2011-11-07,7,2467.35,United Kingdom
17165,2009-12-11,2011-02-28,6,1794.32,United Kingdom
17166,2011-05-20,2011-11-01,2,206.34,United Kingdom
17167,2010-09-20,2010-11-25,3,867.11,United Kingdom
17168,2010-07-29,2010-07-29,1,400.2,United Kingdom
17169,2010-05-10,2011-10-13,3,1156.73,United Kingdom
17170,2010-11-15,2010-11-30,2,178.68,United Kingdom
17171,2010-02-16,2011-02-23,2,384.59,United Kingdom
17172,2009-12-13,2011-09-22,3,956.57,United Kingdom
17173,2011-07-31,2011-12-04,8,3766.6,United Kingdom
17174,2011-05-06,2011-05-06,1,59.9,United Kingdom
17175,2011-02-16,2011-10-26,4,1443.69,United Kingdom
17176,2010-01-31,2011-05-22,3,902.32,United Kingdom
17177,2010-07-22,2010-07-22,1,119.5,United Kingdom
17178,2009-12-08,2009-12-08,1,436.71,United Kingdom
17179,2010-05-26,2011-06-14,6,1507.26,United Kingdom
17180,2010-01-21,2011-10-14,11,2256.98,United Kingdom
17181,2010-04-23,2011-10-13,3,465.37,United Kingdom
17182,2009-12-21,2010-10-13,2,321.3,United Kingdom
17183,2011-08-26,2011-12-02,6,3347.31,United Kingdom
17184,2009-12-09,2010-05-19,2,198.41,United Kingdom
17185,2010-04-20,2010-04-27,3,229.46,United Kingdom
17186,2011-10-10,2011-10-24,2,144.0,United Kingdom
17187,2010-07-01,2011-04-27,2,467.71,United Kingdom
17188,2009-12-08,2011-11-28,13,4592.93,United Kingdom
17189,2009-12-02,2011-08-25,5,957.63,United Kingdom
17190,2010-03-05,2011-10-12,7,1741.2,United Kingdom
17191,2009-12-01,2011-11-11,15,4836.05,United Kingdom
17192,2010-06-21,2010-06-21,1,77.83,United Kingdom
17193,2009-12-02,2011-11-04,9,2310.04,United Kingdom
17194,2010-06-27,2010-12-14,2,776.66,United Kingdom
17195,2010-02-22,2010-02-22,1,562.98,United Kingdom
17196,2010-10-08,2010-10-08,1,352.9,United Kingdom
17197,2011-11-10,2011-11-10,1,1013.01,United Kingdom
17198,2010-12-03,2011-11-16,3,1213.88,United Kingdom
17199,2010-05-06,2010-05-06,1,145.12,United Kingdom
17200,2010-02-25,2010-11-17,4,356.71,United Kingdom
17201,2010-02-10,2011-10-17,4,1231.54,United Kingdom
17202,2010-10-15,2010-10-15,1,160.65,United Kingdom
17203,2010-11-16,2011-11-04,10,5575.88,United Kingdom
17204,2010-06-10,2011-06-17,9,5504.69,United Kingdom
17205,2010-05-24,2011-10-17,3,999.35,United Kingdom
17206,2011-10-17,2011-10-17,1,204.24,United Kingdom
17207,2010-02-25,2010-02-25,1,302.37,United Kingdom
17208,2010-11-09,2010-11-09,1,115.35,United Kingdom
17209,2009-12-03,2010-02-28,3,611.6,United Kingdom
17210,2010-11-12,2010-11-12,1,253.37,United Kingdom
17211,2009-12-13,2011-11-13,13,4046.65,United Kingdom
17212,2010-08-10,2011-03-31,3,794.41,United Kingdom
17213,2009-12-15,2011-10-30,13,5182.3,United Kingdom
17214,2010-12-15,2011-10-10,6,1069.12,United Kingdom
17215,2010-09-01,2010-09-01,1,186.15,United Kingdom
17216,2010-06-03,2010-06-03,1,65.05,United Kingdom
17217,2010-03-30,2011-04-19,2,218.0,United Kingdom
17218,2010-01-25,2011-12-05,18,4190.68,United Kingdom
17219,2010-10-19,2011-11-08,2,259.13,United Kingdom
17220,2010-01-20,2011-11-15,21,4475.85,United Kingdom
17221,2010-04-11,2011-12-02,5,978.52,United Kingdom
17222,2010-01-10,2011-10-05,6,1589.11,United Kingdom
17223,2010-11-29,2011-02-02,3,803.53,United Kingdom
17224,2010-07-26,2010-07-26,1,100.86,United Kingdom
17225,2010-05-07,2010-05-07,1,131.15,United Kingdom
17226,2010-02-12,2011-02-04,3,900.12,United Kingdom
17227,2010-01-15,2011-11-21,12,2022.03,United Kingdom
17228,2010-03-12,2011-11-24,13,3177.24,United Kingdom
17229,2011-07-20,2011-09-04,2,318.76,United Kingdom
17230,2009-12-08,2011-03-20,18,9924.95,United Kingdom
17231,2009-12-07,2011-11-27,25,7197.04,United Kingdom
17232,2011-11-25,2011-12-07,2,421.52,United Kingdom
17233,2009-12-15,2011-11-04,3,560.86,United Kingdom
17234,2011-06-10,2011-06-10,1,149.89,United Kingdom
17235,2010-06-04,2011-11-14,8,1904.88,United Kingdom
17236,2010-03-07,2011-11-27,12,1929.26,United Kingdom
17237,2010-11-23,2011-11-28,4,1002.08,United Kingdom
17238,2009-12-01,2011-12-07,32,7782.6,United Kingdom
17239,2010-07-01,2011-01-31,4,1189.45,United Kingdom
17240,2010-04-22,2010-04-22,1,130.6,United Kingdom
17241,2010-02-15,2010-11-19,12,2744.14,United Kingdom
17242,2010-01-24,2011-08-23,5,2889.28,United Kingdom
17243,2009-12-01,2011-12-08,69,20870.96,United Kingdom
17244,2009-12-06,2011-10-17,5,1826.04,United Kingdom
17245,2010-01-19,2011-05-19,2,371.63,United Kingdom
17246,2009-12-01,2010-06-11,2,38.92,United Kingdom
17247,2011-11-24,2011-11-24,1,282.19,United Kingdom
17248,2010-08-15,2011-08-11,2,546.16,United Kingdom
17249,2010-10-07,2010-10-07,1,68.03,United Kingdom
17250,2011-03-23,2011-12-06,2,384.52,United Kingdom
17251,2009-12-15,2010-12-12,3,812.43,United Kingdom
17252,2011-06-06,2011-08-15,2,353.86,United Kingdom
17253,2011-11-21,2011-11-21,1,178.26,United Kingdom
17254,2010-11-03,2011-12-05,3,470.73,United Kingdom
17255,2010-09-19,2011-10-30,4,799.13,United Kingdom
17256,2010-04-18,2011-08-24,5,498.93,United Kingdom
17257,2010-09-29,2010-09-29,2,192.73,United Kingdom
17258,2010-02-12,2010-11-08,2,417.3,United Kingdom
17259,2010-02-22,2011-07-14,6,1889.34,United Kingdom
17260,2010-10-24,2010-10-24,1,120.95,United Kingdom
17261,2010-07-18,2010-07-18,1,230.44,United Kingdom
17262,2009-12-15,2011-10-18,11,2757.62,United Kingdom
17263,2011-05-15,2011-05-15,1,63.44,United Kingdom
17264,2010-10-11,2010-10-11,1,279.59,United Kingdom
17265,2011-06-12,2011-07-24,2,562.9,United Kingdom
17266,2010-03-09,2011-12-07,5,517.73,United Kingdom
17267,2011-08-04,2011-08-04,2,317.62,United Kingdom
17268,2009-12-08,2011-08-24,11,1733.89,United Kingdom
17269,2010-11-19,2010-11-19,1,537.46,United Kingdom
17270,2009-12-07,2010-08-27,2,604.4,United Kingdom
17271,2009-12-03,2009-12-03,1,210.39,United Kingdom
17272,2011-03-22,2011-10-28,4,2148.63,United Kingdom
17273,2010-10-11,2010-10-11,1,141.12,United Kingdom
17274,2010-11-09,2011-11-04,2,577.38,United Kingdom
17275,2010-11-21,2010-11-21,1,114.52,United Kingdom
17276,2010-11-02,2010-11-02,1,507.14,United Kingdom
17277,2011-01-21,2011-04-26,2,1065.35,United Kingdom
17278,2010-05-23,2011-04-12,2,271.24,United Kingdom
17279,2011-10-13,2011-10-13,1,187.83,United Kingdom
17280,2010-09-27,2010-09-27,1,118.86,United Kingdom
17281,2010-02-04,2010-11-30,6,797.85,United Kingdom
17282,2010-06-09,2011-08-01,5,2339.66,United Kingdom
17283,2010-11-26,2010-11-26,1,188.46,United Kingdom
17284,2010-11-15,2011-10-10,7,2563.7,United Kingdom
17285,2010-02-14,2010-03-21,2,420.84,United Kingdom
17286,2010-11-04,2011-11-18,3,395.48,United Kingdom
17287,2009-12-03,2011-11-13,21,4111.96,United Kingdom
17288,2010-11-10,2011-11-30,11,2499.98,United Kingdom
17289,2010-03-08,2011-11-08,9,2079.39,United Kingdom
17290,2009-12-13,2011-12-06,8,1440.96,United Kingdom
17291,2011-02-04,2011-02-04,1,550.8,United Kingdom
17292,2010-05-09,2010-08-24,2,271.75,United Kingdom
17293,2009-12-03,2011-12-01,17,3774.23,United Kingdom
17294,2010-02-08,2010-02-08,2,467.79,United Kingdom
17295,2011-10-06,2011-11-11,3,556.95,United Kingdom
17296,2009-12-09,2009-12-09,1,338.13,United Kingdom
17297,2011-11-22,2011-11-22,1,131.78,United Kingdom
17298,2010-03-08,2011-08-30,5,941.66,United Kingdom
17299,2010-08-15,2011-11-28,6,1016.08,United Kingdom
17300,2010-08-15,2010-11-14,2,393.64,United Kingdom
17301,2010-03-25,2011-11-18,2,330.43,United Kingdom
17302,2011-02-07,2011-11-25,5,1135.63,United Kingdom
17303,2010-12-13,2010-12-13,1,250.04,United Kingdom
17304,2010-06-23,2010-06-23,1,111.5,United Kingdom
17305,2010-03-01,2010-03-01,1,2135.46,United Kingdom
17306,2010-11-01,2011-11-29,21,9782.35,United Kingdom
17307,2010-01-19,2010-11-09,11,3999.89,United Kingdom
17308,2010-09-13,2010-11-11,2,4511.76,United Kingdom
17309,2010-02-04,2011-09-05,3,330.59,United Kingdom
17310,2010-06-23,2010-11-17,2,1025.1,United Kingdom
17311,2010-02-03,2011-09-22,6,3566.56,United Kingdom
17312,2011-07-03,2011-07-24,3,644.3,United Kingdom
17313,2011-11-08,2011-11-08,1,2328.84,United Kingdom
17314,2009-12-03,2011-11-15,17,4904.43,United Kingdom
17315,2010-09-27,2011-12-08,41,9610.52,United Kingdom
17316,2010-10-15,2010-10-15,1,124.45,United Kingdom
17317,2011-09-11,2011-10-24,3,2600.34,United Kingdom
17318,2009-12-14,2009-12-14,1,164.28,United Kingdom
17319,2010-02-08,2010-02-08,1,29.1,United Kingdom
17320,2010-01-21,2011-08-31,6,2895.77,United Kingdom
17321,2010-05-11,2011-12-01,6,1741.18,United Kingdom
17322,2009-12-03,2010-11-28,5,922.59,United Kingdom
17323,2010-01-10,2011-11-24,12,1562.19,United Kingdom
17324,2009-12-18,2011-11-22,12,2301.87,United Kingdom
17325,2010-03-08,2011-03-04,3,609.57,United Kingdom
17326,2010-06-28,2010-10-27,2,321.95,United Kingdom
17327,2010-05-26,2010-10-26,2,152.35,United Kingdom
17328,2010-02-04,2010-02-04,1,104.7,United Kingdom
17329,2009-12-03,2011-11-25,5,1004.43,United Kingdom
17330,2010-03-02,2011-11-17,4,423.8,United Kingdom
17331,2011-08-08,2011-08-08,1,175.2,United Kingdom
17332,2010-02-21,2010-06-29,5,827.77,United Kingdom
17333,2011-09-15,2011-09-15,1,494.25,United Kingdom
17334,2010-10-29,2011-02-10,3,635.15,United Kingdom
17335,2010-01-24,2010-11-21,2,508.0,United Kingdom
17336,2010-08-24,2010-08-24,1,81.12,United Kingdom
17337,2011-02-02,2011-07-11,4,2026.42,United Kingdom
17338,2010-03-10,2011-11-22,17,12133.78,United Kingdom
17339,2010-07-18,2011-09-06,3,362.36,United Kingdom
17340,2010-02-14,2011-11-10,18,22404.82,United Kingdom
17341,2010-06-17,2011-07-06,5,1889.83,United Kingdom
17342,2010-02-08,2010-11-25,4,1227.54,United Kingdom
17343,2009-12-03,2010-12-19,6,1259.94,United Kingdom
17344,2009-12-11,2011-10-24,2,468.11,United Kingdom
17345,2009-12-01,2011-11-24,10,1604.68,United Kingdom
17346,2010-04-18,2011-12-06,26,5315.8,United Kingdom
17347,2011-09-14,2011-09-14,1,228.96,United Kingdom
17348,2010-03-10,2011-11-25,9,2464.31,United Kingdom
17349,2010-03-18,2011-06-13,5,852.25,United Kingdom
17350,2010-02-01,2011-12-01,7,1906.04,United Kingdom
17351,2009-12-10,2011-11-03,12,1964.38,United Kingdom
17352,2010-01-12,2010-01-12,1,36.25,United Kingdom
17353,2010-03-25,2011-08-02,4,3242.0,United Kingdom
17354,2010-10-07,2011-10-20,4,3143.46,United Kingdom
17355,2010-11-18,2010-11-18,1,285.11,United Kingdom
17356,2010-01-20,2011-02-01,5,946.47,United Kingdom
17357,2011-11-15,2011-11-15,2,388.14,United Kingdom
17358,2010-02-24,2011-02-09,5,866.05,United Kingdom
17359,2010-03-01,2011-11-28,2,284.46,United Kingdom
17360,2010-10-01,2011-11-22,6,1231.38,United Kingdom
17361,2010-02-01,2011-10-21,5,880.64,United Kingdom
17362,2010-01-06,2011-04-14,7,1024.04,United Kingdom
17363,2010-11-02,2010-11-09,3,940.86,United Kingdom
17364,2009-12-07,2011-12-09,28,12070.42,United Kingdom
17365,2010-02-01,2011-11-27,15,8219.94,United Kingdom
17366,2010-09-09,2010-10-03,2,1096.24,United Kingdom
17367,2011-04-15,2011-04-15,1,168.4,United Kingdom
17368,2009-12-15,2011-11-16,14,2826.14,United Kingdom
17369,2010-09-10,2010-09-10,1,979.2,United Kingdom
17370,2011-06-23,2011-09-28,4,446.18,United Kingdom
17371,2009-12-08,2011-11-22,6,658.55,United Kingdom
17372,2009-12-03,2011-10-30,27,4346.71,United Kingdom
17373,2010-02-28,2011-10-30,7,1167.5,United Kingdom
17374,2010-11-09,2011-05-05,3,727.11,United Kingdom
17375,2010-10-04,2011-05-24,4,660.55,United Kingdom
17376,2010-07-05,2011-09-30,4,453.64,United Kingdom
17377,2009-12-02,2011-11-16,78,18314.37,United Kingdom
17378,2010-11-30,2010-11-30,1,10.95,United Kingdom
17379,2011-11-28,2011-11-28,1,404.66,United Kingdom
17380,2010-06-23,2010-10-01,3,645.0,United Kingdom
17381,2010-06-09,2011-12-01,38,40002.37,United Kingdom
17382,2010-05-19,2011-10-05,8,902.28,United Kingdom
17383,2010-09-12,2011-12-05,2,309.99,United Kingdom
17384,2010-08-29,2011-11-20,3,507.55,United Kingdom
17385,2011-11-25,2011-11-25,1,261.11,United Kingdom
17386,2010-11-19,2011-12-02,7,2812.77,United Kingdom
17387,2011-11-06,2011-11-20,2,784.11,United Kingdom
17388,2009-12-10,2011-09-23,11,2691.57,United Kingdom
17389,2009-12-04,2011-12-09,61,57224.68,United Kingdom
17390,2010-10-15,2010-10-15,1,149.3,United Kingdom
17391,2011-06-28,2011-06-29,2,508.8,United Kingdom
17392,2010-09-15,2011-02-06,3,620.56,United Kingdom
17393,2010-08-08,2010-10-25,2,381.15,United Kingdom
17394,2011-05-04,2011-05-04,1,203.87,United Kingdom
17395,2010-07-19,2010-07-19,1,97.5,United Kingdom
17396,2010-09-24,2011-10-31,13,8789.1,United Kingdom
17397,2010-10-19,2011-11-17,3,1233.18,United Kingdom
17398,2011-03-29,2011-08-17,3,653.38,United Kingdom
17400,2009-12-17,2011-08-05,8,4677.05,United Kingdom
17401,2010-06-16,2010-06-16,1,114.85,United Kingdom
17402,2009-12-16,2011-12-05,22,5061.18,United Kingdom
17403,2010-09-15,2011-11-03,2,400.57,United Kingdom
17404,2010-01-07,2011-12-05,21,47638.12,Sweden
17405,2011-07-12,2011-12-08,3,1031.41,United Kingdom
17406,2009-12-06,2011-01-10,13,4905.05,United Kingdom
17407,2010-10-24,2010-10-24,1,552.9,United Kingdom
17408,2010-07-13,2011-06-29,3,316.09,United Kingdom
17409,2009-12-11,2011-06-08,10,7793.51,United Kingdom
17410,2011-05-08,2011-11-23,5,1214.72,United Kingdom
17411,2009-12-03,2011-11-27,5,1425.38,United Kingdom
17412,2009-12-02,2011-12-07,16,4417.52,United Kingdom
17413,2010-05-19,2010-10-31,2,560.14,United Kingdom
17414,2009-12-03,2011-10-27,6,2249.52,United Kingdom
17415,2011-09-21,2011-09-21,1,507.84,United Kingdom
17416,2009-12-14,2011-11-10,22,17298.45,United Kingdom
17417,2010-06-09,2010-06-09,1,164.18,United Kingdom
17418,2010-11-17,2011-10-28,3,670.06,United Kingdom
17419,2010-01-25,2011-11-28,18,6500.52,United Kingdom
17420,2010-11-03,2011-10-20,6,1084.43,United Kingdom
17421,2009-12-04,2010-11-18,3,1059.41,United Kingdom
17422,2010-06-23,2011-11-23,11,3594.76,United Kingdom
17423,2010-11-11,2011-10-24,3,1118.95,United Kingdom
17425,2011-10-10,2011-11-20,2,759.17,United Kingdom
17426,2010-02-17,2011-12-01,13,8077.77,United Kingdom
17427,2011-09-29,2011-09-29,1,100.8,United Kingdom
17428,2009-12-01,2011-12-09,45,31819.76,United Kingdom
17429,2010-10-06,2011-08-03,5,1357.46,United Kingdom
17430,2010-08-17,2011-11-07,4,735.17,United Kingdom
17431,2011-01-30,2011-01-30,1,403.3,United Kingdom
17432,2009-12-03,2011-11-21,9,1751.39,United Kingdom
17433,2010-11-19,2011-09-12,2,569.96,United Kingdom
17434,2011-09-15,2011-12-07,7,2373.82,United Kingdom
17435,2010-10-24,2010-10-24,1,331.35,United Kingdom
17436,2009-12-07,2011-12-08,5,534.06,United Kingdom
17437,2010-06-28,2010-06-28,1,373.17,United Kingdom
17438,2010-03-08,2011-03-31,5,1422.77,United Kingdom
17439,2010-02-22,2010-02-22,1,325.74,United Kingdom
17440,2010-06-08,2011-07-06,4,323.58,United Kingdom
17441,2009-12-07,2009-12-07,1,293.35,United Kingdom
17442,2010-02-15,2011-11-03,15,4620.3,United Kingdom
17443,2011-05-04,2011-05-04,1,534.24,Canada
17444,2011-06-20,2011-07-11,2,2389.1,Canada
17446,2011-02-02,2011-06-16,2,120.9,United Kingdom
17447,2011-09-29,2011-10-30,2,541.53,United Kingdom
17448,2010-03-04,2010-06-28,41,14481.97,United Kingdom
17449,2009-12-09,2011-12-07,13,4948.15,United Kingdom
17450,2010-09-27,2011-12-01,51,246973.09,United Kingdom
17451,2011-08-26,2011-12-08,7,1721.4,United Kingdom
17453,2011-10-06,2011-11-22,2,486.72,United Kingdom
17454,2010-01-15,2011-05-31,10,1547.94,United Kingdom
17455,2011-05-20,2011-05-20,1,131.7,United Kingdom
17456,2010-09-09,2010-12-09,2,1225.42,United Kingdom
17457,2009-12-07,2011-08-05,14,5984.81,United Kingdom
17458,2010-11-23,2011-11-24,2,529.58,United Kingdom
17459,2011-10-10,2011-10-27,2,657.3,United Kingdom
17460,2010-01-22,2011-09-06,16,2228.27,United Kingdom
17461,2011-11-10,2011-11-17,3,757.46,United Kingdom
17462,2011-02-28,2011-10-10,2,675.69,United Kingdom
17463,2010-04-29,2011-11-23,7,2557.91,United Kingdom
17464,2010-03-30,2011-07-04,3,1000.94,United Kingdom
17465,2009-12-03,2010-10-10,7,2542.79,United Kingdom
17466,2011-09-22,2011-11-29,2,763.28,United Kingdom
17467,2010-11-09,2010-11-09,1,102.6,United Kingdom
17468,2010-11-29,2011-11-29,3,194.8,United Kingdom
17469,2009-12-16,2011-11-23,17,5051.25,United Kingdom
17470,2010-07-19,2011-10-26,11,2804.87,United Kingdom
17471,2010-08-22,2010-08-22,1,321.65,United Kingdom
17472,2010-03-21,2011-06-01,4,935.1,United Kingdom
17473,2010-09-09,2010-10-27,2,607.0,United Kingdom
17474,2010-04-19,2010-04-19,1,1047.0,United Kingdom
17475,2011-09-21,2011-09-21,1,194.37,United Kingdom
17476,2009-12-02,2010-11-09,2,489.86,United Kingdom
17477,2010-03-02,2010-04-06,2,1144.3,United Kingdom
17478,2010-03-16,2010-10-27,2,1272.8,United Kingdom
17479,2010-03-17,2010-03-17,1,389.26,United Kingdom
17480,2010-09-21,2011-09-23,2,902.03,United Kingdom
17481,2011-09-07,2011-12-06,4,1255.59,United Kingdom
17482,2010-05-10,2010-08-09,2,778.19,United Kingdom
17483,2010-10-21,2011-10-05,4,591.73,United Kingdom
17484,2010-03-25,2010-05-12,2,209.57,United Kingdom
17486,2011-03-23,2011-03-23,1,396.87,United Kingdom
17487,2009-12-11,2009-12-11,1,160.55,United Kingdom
17488,2010-03-08,2010-03-08,1,336.5,United Kingdom
17489,2011-05-11,2011-10-12,2,376.64,United Kingdom
17490,2010-05-19,2011-12-09,9,2750.5,United Kingdom
17491,2010-04-28,2011-12-08,17,5981.07,United Kingdom
17492,2010-07-09,2011-04-05,3,1122.42,United Kingdom
17493,2010-11-19,2010-11-19,1,100.91,United Kingdom
17494,2010-07-26,2010-07-26,1,54.7,United Kingdom
17495,2010-11-14,2011-12-02,3,806.72,United Kingdom
17496,2010-01-14,2010-12-16,4,1412.89,United Kingdom
17497,2010-04-08,2010-11-14,2,287.25,United Kingdom
17498,2011-09-25,2011-09-25,1,272.22,United Kingdom
17499,2010-05-27,2011-02-23,2,1341.39,United Kingdom
17500,2011-11-10,2011-11-22,3,1138.0,United Kingdom
17501,2011-05-03,2011-05-03,2,288.6,United Kingdom
17502,2011-11-10,2011-11-30,4,689.1,United Kingdom
17503,2011-11-01,2011-12-07,2,558.96,United Kingdom
17504,2010-02-08,2011-05-17,18,9565.12,United Kingdom
17505,2010-04-13,2011-07-01,5,2435.48,United Kingdom
17506,2011-09-25,2011-09-25,1,302.2,United Kingdom
17507,2011-02-03,2011-03-23,2,605.58,United Kingdom
17508,2009-12-07,2011-03-04,8,4579.23,Greece
17509,2011-10-07,2011-10-13,8,6115.14,United Kingdom
17510,2010-10-15,2011-11-15,2,514.56,United Kingdom
17511,2009-12-02,2011-12-07,60,175603.55,United Kingdom
17512,2009-12-10,2011-11-11,18,5467.82,United Kingdom
17513,2010-08-17,2011-09-28,3,1158.8,United Kingdom
17514,2010-02-08,2011-08-03,2,542.83,United Kingdom
17515,2010-06-07,2011-11-08,9,1617.46,United Kingdom
17516,2010-11-26,2011-11-24,6,957.55,United Kingdom
17517,2011-02-04,2011-02-04,1,153.94,United Kingdom
17518,2010-03-28,2010-10-10,2,329.42,United Kingdom
17519,2009-12-01,2011-11-22,15,5109.47,United Kingdom
17520,2011-10-17,2011-10-17,1,546.81,United Kingdom
17521,2010-10-01,2011-11-10,5,1278.06,United Kingdom
17522,2011-05-05,2011-12-08,5,1066.15,United Kingdom
17523,2011-11-20,2011-11-28,4,652.74,United Kingdom
17524,2010-09-27,2010-12-13,3,539.14,United Kingdom
17525,2010-10-07,2010-12-15,3,1161.9,United Kingdom
17526,2009-12-17,2011-12-05,12,4166.04,United Kingdom
17527,2011-05-05,2011-10-17,4,939.37,United Kingdom
17528,2011-09-29,2011-12-08,8,3628.5,United Kingdom
17529,2010-01-11,2010-04-08,2,1240.25,United Kingdom
17530,2009-12-06,2011-12-08,12,3136.92,United Kingdom
17531,2010-03-31,2011-06-02,3,1266.82,United Kingdom
17532,2010-11-19,2010-11-19,1,65.34,United Kingdom
17533,2010-10-01,2010-10-01,1,34.8,United Kingdom
17534,2010-02-25,2011-10-17,5,1668.83,United Kingdom
17535,2011-03-04,2011-03-04,1,164.4,United Kingdom
17536,2010-01-26,2011-06-15,3,364.83,United Kingdom
17537,2011-02-09,2011-11-10,2,897.62,United Kingdom
17538,2011-11-14,2011-11-14,1,98.42,United Kingdom
17539,2009-12-13,2010-03-21,3,1211.57,United Kingdom
17540,2010-04-19,2011-11-15,6,1590.6,United Kingdom
17541,2010-07-18,2010-07-18,1,124.46,United Kingdom
17542,2010-03-08,2011-03-15,3,341.7,United Kingdom
17543,2010-06-08,2010-06-08,1,120.05,United Kingdom
17544,2010-11-14,2010-11-14,3,960.69,United Kingdom
17545,2010-05-11,2011-10-27,6,1448.54,United Kingdom
17547,2010-02-12,2010-11-29,2,727.85,United Kingdom
17548,2010-11-08,2011-04-20,4,731.26,United Kingdom
17549,2011-10-19,2011-11-16,2,148.86,United Kingdom
17550,2010-02-07,2011-05-26,9,2547.64,United Kingdom
17551,2010-12-15,2010-12-15,1,306.84,United Kingdom
17552,2010-03-22,2011-10-10,12,3085.29,United Kingdom
17553,2010-04-08,2011-08-02,4,3757.6,United Kingdom
17554,2011-07-14,2011-12-08,5,1952.45,United Kingdom
17555,2010-05-02,2011-11-20,5,1057.74,United Kingdom
17556,2010-11-25,2011-05-18,2,300.67,United Kingdom
17557,2009-12-07,2011-11-25,4,575.46,United Kingdom
17558,2010-11-11,2010-11-11,1,259.17,United Kingdom
17559,2010-07-15,2010-07-15,1,167.62,United Kingdom
17560,2010-02-17,2011-09-06,8,1895.8,United Kingdom
17561,2009-12-06,2011-11-20,4,722.34,United Kingdom
17562,2011-06-19,2011-11-25,7,1122.38,United Kingdom
17563,2010-04-07,2010-05-10,2,392.38,United Kingdom
17564,2011-09-20,2011-11-15,3,454.01,United Kingdom
17565,2010-05-02,2010-05-02,1,131.83,United Kingdom
17566,2011-11-14,2011-12-01,2,901.21,United Kingdom
17567,2010-09-24,2011-12-02,9,5356.03,United Kingdom
17568,2010-03-16,2010-03-16,1,382.79,United Kingdom
17569,2011-01-11,2011-01-11,1,344.14,United Kingdom
17571,2010-06-15,2011-10-20,5,1702.5,United Kingdom
17572,2009-12-15,2011-09-29,10,723.01,United Kingdom
17573,2011-09-07,2011-11-10,3,380.6,United Kingdom
17574,2011-04-11,2011-04-11,1,185.65,United Kingdom
17575,2010-02-10,2010-02-10,1,171.7,United Kingdom
17576,2009-12-03,2011-12-01,41,9050.46,United Kingdom
17577,2010-02-09,2010-03-04,2,348.75,United Kingdom
17578,2010-06-28,2011-05-05,7,1047.33,United Kingdom
17579,2010-05-10,2011-12-05,4,753.28,United Kingdom
17580,2010-10-13,2011-04-01,5,542.32,United Kingdom
17581,2009-12-03,2011-12-09,43,18757.75,United Kingdom
17582,2010-03-26,2011-04-17,5,1450.7,United Kingdom
17583,2010-05-28,2010-05-28,1,135.95,United Kingdom
17584,2010-01-25,2011-12-02,6,5309.42,United Kingdom
17585,2010-08-18,2011-08-22,7,2093.3,United Kingdom
17586,2010-03-30,2010-03-30,1,167.4,United Kingdom
17587,2010-03-21,2010-03-21,1,178.71,United Kingdom
17588,2010-03-12,2011-08-31,7,2939.55,United Kingdom
17589,2010-03-07,2011-10-10,18,14018.2,United Kingdom
17590,2011-10-30,2011-12-07,3,1477.97,United Kingdom
17591,2010-01-17,2011-09-27,8,2776.67,United Kingdom
17592,2009-12-01,2009-12-01,1,148.3,United Kingdom
17593,2009-12-04,2011-12-06,11,8095.8,United Kingdom
17594,2010-04-14,2011-09-15,4,2497.88,United Kingdom
17595,2011-11-02,2011-11-27,2,388.79,United Kingdom
17596,2009-12-15,2011-11-16,13,4920.67,United Kingdom
17597,2010-05-05,2011-05-10,5,3484.09,United Kingdom
17598,2010-11-23,2010-11-23,1,409.98,United Kingdom
17599,2010-08-19,2010-08-19,1,52.05,United Kingdom
17600,2011-11-22,2011-11-22,1,161.67,United Kingdom
17601,2010-11-24,2011-04-14,2,421.06,United Kingdom
17602,2010-03-30,2011-12-07,14,7451.13,United Kingdom
17603,2009-12-10,2011-09-22,4,1793.48,United Kingdom
17604,2010-01-27,2011-05-06,6,945.93,United Kingdom
17605,2010-04-28,2010-04-28,1,160.75,United Kingdom
17606,2009-12-02,2009-12-02,1,87.3,United Kingdom
17607,2010-11-28,2010-11-28,1,333.81,United Kingdom
17608,2010-04-11,2011-11-06,4,498.53,United Kingdom
17609,2010-04-09,2011-10-30,11,1881.8,United Kingdom
17610,2009-12-06,2010-06-17,5,1529.49,United Kingdom
17611,2009-12-01,2011-12-02,28,8321.98,United Kingdom
17612,2009-12-17,2011-10-17,18,5394.86,United Kingdom
17613,2011-02-07,2011-11-17,14,4559.15,United Kingdom
17614,2011-10-13,2011-10-13,1,390.07,United Kingdom
17615,2010-08-11,2011-08-01,6,733.2,United Kingdom
17616,2010-09-14,2011-06-19,4,1060.8,United Kingdom
17617,2010-05-30,2010-05-30,1,395.33,United Kingdom
17618,2010-01-24,2011-12-04,11,4073.24,United Kingdom
17619,2011-01-31,2011-01-31,1,218.52,United Kingdom
17620,2011-10-11,2011-10-11,1,81.44,United Kingdom
17621,2010-10-04,2011-11-18,6,3175.12,United Kingdom
17622,2010-04-20,2010-04-21,2,1130.21,United Kingdom
17623,2009-12-14,2011-11-07,7,2383.67,United Kingdom
17624,2009-12-20,2011-11-25,4,1568.63,United Kingdom
17625,2009-12-15,2011-11-21,8,6067.8,United Kingdom
17626,2010-04-16,2010-04-16,1,254.0,United Kingdom
17627,2010-08-18,2010-08-18,1,296.36,United Kingdom
17628,2011-09-19,2011-09-19,1,75.75,United Kingdom
17629,2010-10-14,2011-12-04,10,2455.52,United Kingdom
17630,2011-04-21,2011-06-23,2,503.6,United Kingdom
17631,2009-12-09,2011-12-08,7,998.49,United Kingdom
17633,2010-11-15,2011-11-08,7,2057.39,United Kingdom
17634,2011-01-06,2011-11-03,9,2361.97,United Kingdom
17635,2010-04-28,2010-10-11,3,1265.58,United Kingdom
17636,2011-11-20,2011-11-20,1,285.56,United Kingdom
17637,2011-08-16,2011-11-08,2,547.06,United Kingdom
17638,2009-12-18,2010-03-02,2,842.4,United Kingdom
17639,2010-08-13,2011-03-08,6,615.17,United Kingdom
17640,2010-03-23,2011-09-14,6,3168.94,United Kingdom
17642,2009-12-05,2011-08-12,5,1824.49,United Kingdom
17643,2010-07-22,2010-12-01,2,541.25,United Kingdom
17644,2010-02-16,2011-12-08,20,6028.6,United Kingdom
17646,2009-12-16,2011-05-04,12,4149.79,United Kingdom
17647,2010-02-08,2011-10-05,3,331.66,United Kingdom
17648,2010-11-19,2011-10-10,5,2216.37,United Kingdom
17649,2010-08-24,2011-07-24,3,1578.89,United Kingdom
17650,2011-11-18,2011-11-18,1,166.08,United Kingdom
17651,2010-07-01,2011-11-28,16,5703.52,United Kingdom
17652,2011-03-03,2011-11-14,12,4867.72,United Kingdom
17653,2011-08-11,2011-11-03,4,1207.56,United Kingdom
17654,2011-03-07,2011-03-07,1,117.55,United Kingdom
17655,2010-10-19,2011-11-29,9,3652.48,United Kingdom
17656,2011-08-03,2011-09-27,5,1674.69,United Kingdom
17657,2010-10-05,2010-10-05,1,126.0,United Kingdom
17658,2011-05-12,2011-11-14,2,595.42,United Kingdom
17659,2010-11-18,2011-11-22,14,3834.79,United Kingdom
17660,2009-12-02,2011-07-21,2,359.47,United Kingdom
17662,2009-12-17,2010-02-16,2,412.92,United Kingdom
17663,2010-03-04,2011-11-14,17,5175.83,United Kingdom
17664,2010-03-29,2011-11-21,4,1166.23,United Kingdom
17665,2010-08-03,2010-08-03,1,563.1,United Kingdom
17666,2010-06-30,2011-12-06,5,2047.8,United Kingdom
17667,2010-02-23,2011-10-04,9,3950.7,United Kingdom
17668,2011-11-01,2011-12-08,2,347.75,United Kingdom
17669,2010-04-01,2011-10-28,10,6142.35,United Kingdom
17670,2011-04-26,2011-04-26,1,205.7,United Kingdom
17671,2010-11-29,2011-11-24,5,2403.34,United Kingdom
17672,2010-01-26,2011-10-20,7,5778.63,United Kingdom
17673,2010-03-19,2011-12-08,13,4233.58,United Kingdom
17674,2010-12-06,2011-09-26,2,851.7,United Kingdom
17675,2009-12-10,2011-12-08,70,38259.6,United Kingdom
17676,2010-03-30,2011-12-05,10,2765.84,United Kingdom
17677,2009-12-16,2011-12-08,54,36692.91,United Kingdom
17678,2010-04-15,2011-03-21,2,599.76,United Kingdom
17679,2009-12-03,2011-10-18,7,3577.61,United Kingdom
17680,2010-07-16,2011-11-16,3,497.45,United Kingdom
17681,2010-01-15,2010-04-21,5,731.2,United Kingdom
17682,2010-03-08,2011-11-29,11,4456.78,United Kingdom
17683,2010-06-03,2010-11-19,3,819.01,United Kingdom
17684,2011-10-27,2011-10-27,1,239.41,United Kingdom
17685,2010-02-11,2011-11-23,12,5943.17,United Kingdom
17686,2010-06-24,2011-12-02,9,8296.81,United Kingdom
17687,2010-10-15,2010-10-15,1,432.68,United Kingdom
17688,2010-11-11,2010-11-11,1,304.2,United Kingdom
17689,2010-08-22,2010-11-16,2,317.08,United Kingdom
17690,2010-02-03,2011-11-09,20,7448.1,United Kingdom
17691,2010-06-11,2010-12-16,4,780.05,United Kingdom
17692,2010-06-17,2011-08-04,12,2960.44,United Kingdom
17693,2011-07-25,2011-07-25,1,200.47,United Kingdom
17694,2010-05-26,2011-07-21,3,1695.97,United Kingdom
17695,2010-01-28,2011-07-31,5,1746.04,United Kingdom
17696,2009-12-10,2011-11-01,27,7679.59,United Kingdom
17697,2011-04-17,2011-04-17,1,338.95,United Kingdom
17698,2011-03-24,2011-03-24,1,154.95,United Kingdom
17699,2010-05-27,2010-08-20,2,442.0,United Kingdom
17700,2009-12-01,2011-11-23,14,6679.97,United Kingdom
17701,2011-04-01,2011-04-01,1,417.95,United Kingdom
17702,2010-11-04,2011-11-09,6,3144.04,United Kingdom
17703,2010-10-17,2011-11-04,4,1094.84,United Kingdom
17704,2011-04-14,2011-06-24,2,885.19,United Kingdom
17705,2010-05-12,2011-12-06,11,2083.9,United Kingdom
17706,2010-01-19,2011-12-05,31,20749.98,United Kingdom
17707,2009-12-07,2011-06-07,8,609.3,United Kingdom
17708,2010-10-12,2011-06-05,4,887.93,United Kingdom
17709,2010-04-15,2011-06-23,5,671.01,United Kingdom
17710,2010-10-12,2010-10-12,1,293.5,United Kingdom
17711,2011-02-23,2011-11-29,2,385.1,United Kingdom
17712,2011-10-26,2011-10-26,1,522.91,United Kingdom
17713,2010-06-09,2010-11-22,4,1198.09,United Kingdom
17714,2010-07-14,2011-01-23,5,1410.18,United Kingdom
17715,2010-04-26,2011-05-23,2,489.6,United Kingdom
17716,2009-12-02,2011-11-17,24,15956.97,United Kingdom
17717,2010-10-14,2010-10-14,1,376.92,United Kingdom
17718,2010-03-05,2011-04-21,2,439.18,United Kingdom
17719,2011-03-29,2011-11-02,15,5396.04,United Kingdom
17720,2010-05-10,2011-11-13,10,2768.91,United Kingdom
17721,2010-02-18,2010-02-18,1,307.21,United Kingdom
17722,2010-11-29,2011-09-04,5,4430.36,United Kingdom
17723,2010-11-29,2011-08-04,7,3378.4,United Kingdom
17724,2011-07-24,2011-09-29,3,1033.0,United Kingdom
17725,2011-03-17,2011-11-23,11,3439.08,United Kingdom
17726,2010-01-26,2010-11-09,7,1092.06,United Kingdom
17727,2011-11-24,2011-11-24,1,1060.25,United Kingdom
17728,2010-09-12,2011-12-06,5,4238.76,United Kingdom
17729,2010-04-22,2010-04-22,1,438.65,United Kingdom
17730,2010-04-29,2011-12-06,20,7773.8,United Kingdom
17731,2010-02-09,2011-09-21,6,1708.99,United Kingdom
17732,2010-08-09,2010-12-02,8,2470.39,United Kingdom
17733,2011-03-23,2011-11-01,2,692.19,United Kingdom
17734,2010-03-07,2011-10-17,6,1442.32,United Kingdom
17735,2010-07-30,2011-12-07,26,17244.93,United Kingdom
17736,2011-08-18,2011-11-30,3,377.44,United Kingdom
17737,2011-10-12,2011-11-30,2,168.24,United Kingdom
17738,2010-03-19,2011-11-20,13,4183.56,United Kingdom
17739,2009-12-07,2011-11-28,18,7730.59,United Kingdom
17740,2010-01-11,2010-11-15,6,426.9,United Kingdom
17741,2010-05-28,2010-10-29,2,101.1,United Kingdom
17742,2009-12-01,2011-08-18,11,2098.48,United Kingdom
17743,2010-09-17,2010-09-17,1,229.2,United Kingdom
17744,2010-11-24,2011-12-06,7,2649.14,United Kingdom
17745,2010-06-02,2010-08-19,2,600.34,United Kingdom
17746,2010-04-08,2011-04-13,4,904.18,United Kingdom
17747,2011-08-19,2011-08-19,1,71.4,United Kingdom
17748,2010-06-30,2010-06-30,1,358.15,United Kingdom
17749,2010-06-11,2011-06-14,3,1026.18,United Kingdom
17750,2011-06-28,2011-12-04,9,1781.28,United Kingdom
17751,2010-10-14,2010-10-14,1,157.86,United Kingdom
17752,2010-12-15,2010-12-15,1,80.64,United Kingdom
17753,2010-01-06,2010-09-01,4,390.56,United Kingdom
17754,2009-12-11,2011-12-09,13,4577.53,United Kingdom
17756,2010-11-10,2010-11-29,3,733.7,United Kingdom
17757,2010-01-13,2011-12-08,56,9418.5,United Kingdom
17758,2010-05-20,2011-11-20,12,5012.53,United Kingdom
17759,2010-05-05,2011-11-22,5,1275.66,United Kingdom
17760,2010-02-28,2011-11-18,6,918.93,United Kingdom
17761,2011-11-07,2011-11-07,1,712.78,United Kingdom
17762,2010-09-09,2010-09-09,1,129.75,United Kingdom
17763,2010-02-18,2011-03-21,4,86.15,United Kingdom
17764,2009-12-03,2011-10-20,5,1623.64,United Kingdom
17765,2010-09-17,2011-07-04,4,530.8,United Kingdom
17766,2010-11-23,2010-11-23,2,299.61,United Kingdom
17767,2010-10-25,2011-11-24,2,413.05,United Kingdom
17768,2009-12-02,2011-12-01,7,3509.51,United Kingdom
17769,2010-01-19,2011-11-27,17,7103.08,United Kingdom
17770,2011-03-02,2011-05-25,5,1143.27,United Kingdom
17771,2010-04-29,2011-10-14,4,386.93,United Kingdom
17772,2010-11-12,2011-11-29,3,384.77,United Kingdom
17773,2010-01-18,2010-07-13,2,585.27,United Kingdom
17774,2010-02-08,2011-09-04,9,3327.05,United Kingdom
17775,2011-03-30,2011-03-30,1,56.4,United Kingdom
17776,2009-12-16,2010-11-18,2,337.3,United Kingdom
17777,2011-08-31,2011-11-15,3,665.86,United Kingdom
17778,2010-02-16,2010-02-16,1,197.7,United Kingdom
17779,2011-07-19,2011-11-18,3,658.57,United Kingdom
17780,2010-01-24,2010-02-10,3,352.91,United Kingdom
17781,2011-03-31,2011-07-03,2,188.02,United Kingdom
17782,2010-11-22,2010-11-22,2,679.02,United Kingdom
17783,2010-07-15,2011-09-28,3,379.91,United Kingdom
17784,2010-06-07,2010-06-07,1,112.86,United Kingdom
17785,2010-05-23,2011-10-17,3,403.38,United Kingdom
17786,2011-01-26,2011-09-15,2,278.74,United Kingdom
17787,2010-12-03,2011-07-10,4,2601.47,United Kingdom
17788,2011-08-02,2011-09-27,2,1112.95,United Kingdom
17789,2010-02-16,2011-03-03,2,397.15,United Kingdom
17790,2010-06-13,2011-11-13,20,2783.61,United Kingdom
17791,2011-11-10,2011-11-10,1,106.1,United Kingdom
17792,2010-08-18,2010-08-29,2,370.05,United Kingdom
17793,2011-11-14,2011-11-14,1,323.04,United Kingdom
17794,2010-01-20,2010-01-22,2,147.3,United Kingdom
17795,2011-03-20,2011-06-13,2,350.39,United Kingdom
17796,2010-10-14,2011-10-30,7,1361.99,United Kingdom
17797,2009-12-15,2011-11-17,8,1985.87,United Kingdom
17798,2010-05-07,2010-05-07,1,177.19,United Kingdom
17799,2009-12-13,2011-11-17,20,6341.89,United Kingdom
17800,2011-01-09,2011-11-02,9,1198.01,United Kingdom
17801,2010-01-17,2010-09-14,3,798.33,United Kingdom
17802,2009-12-13,2011-09-18,10,5053.12,United Kingdom
17803,2010-11-12,2010-11-12,1,184.66,United Kingdom
17804,2009-12-01,2010-11-28,3,385.23,United Kingdom
17805,2010-04-08,2011-09-27,2,927.03,United Kingdom
17806,2011-11-28,2011-11-28,1,546.04,United Kingdom
17807,2010-01-04,2010-11-09,3,437.87,United Kingdom
17808,2010-05-07,2010-06-09,4,262.64,United Kingdom
17809,2009-12-02,2011-11-23,20,11337.39,United Kingdom
17810,2010-01-25,2010-02-09,2,344.86,United Kingdom
17811,2010-09-20,2011-12-05,47,9603.1,United Kingdom
17812,2010-06-27,2011-11-27,7,1165.89,United Kingdom
17813,2011-09-29,2011-11-25,5,1770.88,United Kingdom
17814,2010-10-13,2010-11-29,2,1617.32,United Kingdom
17815,2010-11-11,2010-11-11,1,591.96,United Kingdom
17816,2009-12-15,2011-11-03,6,112.32,United Kingdom
17817,2010-10-13,2011-12-05,6,807.85,United Kingdom
17818,2009-12-02,2009-12-02,1,130.18,United Kingdom
17819,2009-12-13,2011-09-29,12,6612.52,United Kingdom
17820,2010-11-30,2010-11-30,1,183.56,United Kingdom
17821,2010-10-29,2010-10-29,1,334.62,United Kingdom
17822,2010-05-28,2010-10-15,5,2179.65,United Kingdom
17823,2010-10-14,2010-10-14,2,494.25,United Kingdom
17824,2011-10-19,2011-10-19,1,298.4,United Kingdom
17825,2009-12-14,2010-04-20,4,731.96,United Kingdom
17826,2010-11-30,2010-11-30,1,134.59,United Kingdom
17827,2010-03-28,2011-12-04,6,2388.05,United Kingdom
17828,2011-06-08,2011-11-17,4,1165.09,Malta
17829,2010-02-22,2011-02-14,5,4756.74,United Arab Emirates
17830,2011-02-24,2011-12-08,3,398.7,United Kingdom
17831,2011-11-06,2011-11-06,1,35.4,United Kingdom
17832,2011-10-21,2011-10-21,1,155.37,United Kingdom
17833,2009-12-16,2009-12-16,1,342.36,United Kingdom
17834,2010-09-20,2010-10-21,2,730.47,United Kingdom
17835,2011-11-16,2011-12-07,3,350.64,United Kingdom
17836,2011-10-23,2011-10-23,1,109.83,United Kingdom
17837,2011-06-29,2011-10-28,8,1587.48,United Kingdom
17838,2010-03-19,2011-11-13,13,6722.9,United Kingdom
17839,2011-10-28,2011-10-28,1,338.8,United Kingdom
17840,2010-09-22,2010-09-22,1,185.72,United Kingdom
17841,2009-12-02,2011-12-08,211,70858.77,United Kingdom
17842,2010-04-16,2010-04-16,1,430.69,United Kingdom
17843,2010-10-24,2011-02-09,2,318.48,United Kingdom
17844,2011-08-25,2011-08-25,1,51.56,Canada
17845,2010-05-12,2010-06-02,4,598.19,United Kingdom
17847,2010-03-04,2010-07-12,2,125.74,United Kingdom
17848,2009-12-06,2011-09-19,30,3619.75,United Kingdom
17849,2010-03-14,2011-05-05,8,1063.76,United Kingdom
17850,2009-12-05,2010-12-02,155,56600.08,United Kingdom
17851,2009-12-03,2010-10-13,6,1563.34,United Kingdom
17852,2009-12-08,2011-11-28,5,663.21,United Kingdom
17853,2009-12-03,2010-10-28,3,1608.19,United Kingdom
17854,2009-12-08,2011-06-07,6,1071.45,United Kingdom
17855,2010-12-02,2010-12-02,1,417.94,United Kingdom
17856,2011-03-03,2011-12-08,4,1418.03,United Kingdom
17857,2010-03-08,2011-12-05,23,27104.74,United Kingdom
17858,2009-12-06,2011-12-04,30,12797.65,United Kingdom
17859,2011-02-08,2011-02-08,1,148.21,United Kingdom
17860,2009-12-11,2010-12-06,4,1015.54,United Kingdom
17861,2009-12-10,2011-12-06,18,5127.69,United Kingdom
17862,2010-05-25,2011-01-20,4,1279.09,United Kingdom
17863,2010-02-25,2011-10-11,12,5745.2,United Kingdom
17864,2010-10-08,2011-11-27,5,924.32,United Kingdom
17865,2009-12-01,2011-11-09,46,26372.29,United Kingdom
17866,2009-12-14,2011-07-20,3,1134.95,United Kingdom
17867,2009-12-02,2011-11-09,15,1616.28,United Kingdom
17868,2010-11-18,2010-11-18,1,234.65,United Kingdom
17869,2010-06-10,2011-08-24,7,1036.16,United Kingdom
17870,2010-11-23,2011-12-07,13,3108.15,United Kingdom
17871,2010-01-15,2011-05-19,5,1118.99,United Kingdom
17872,2010-11-23,2010-11-23,1,235.87,United Kingdom
17873,2009-12-16,2011-09-20,18,6386.5,United Kingdom
17874,2011-03-29,2011-06-07,6,683.46,United Kingdom
17875,2010-01-20,2010-01-20,1,167.1,United Kingdom
17876,2010-02-02,2010-11-05,3,3424.02,United Kingdom
17877,2011-06-22,2011-06-22,1,237.61,United Kingdom
17878,2010-11-09,2011-10-27,3,1412.33,United Kingdom
17879,2011-06-19,2011-06-19,1,178.52,United Kingdom
17880,2009-12-09,2010-12-10,3,824.92,United Kingdom
17881,2011-02-08,2011-02-08,1,133.35,United Kingdom
17882,2010-11-25,2010-11-25,2,313.46,United Kingdom
17883,2010-02-25,2011-12-06,7,995.85,United Kingdom
17884,2009-12-04,2011-12-06,20,3067.89,United Kingdom
17885,2011-11-27,2011-11-27,1,190.19,United Kingdom
17886,2010-04-29,2011-11-08,6,1608.38,United Kingdom
17887,2011-08-02,2011-08-02,1,111.35,United Kingdom
17888,2009-12-21,2011-11-18,25,1820.44,United Kingdom
17889,2010-03-31,2011-05-11,7,774.87,United Kingdom
17890,2010-12-13,2011-01-21,2,602.09,United Kingdom
17891,2011-06-30,2011-06-30,1,203.86,United Kingdom
17892,2011-07-07,2011-10-14,3,244.1,United Kingdom
17893,2011-04-28,2011-04-28,1,112.25,United Kingdom
17894,2010-08-27,2011-09-29,18,2452.96,United Kingdom
17895,2011-10-26,2011-10-26,1,98.0,United Kingdom
17896,2011-11-16,2011-11-16,1,256.32,United Kingdom
17897,2010-05-12,2011-06-20,9,2538.15,United Kingdom
17898,2010-05-21,2011-09-15,4,299.18,United Kingdom
17899,2011-07-03,2011-07-03,1,155.8,United Kingdom
17900,2011-06-02,2011-06-02,2,112.2,United Kingdom
17901,2010-07-06,2011-11-10,3,260.08,United Kingdom
17902,2010-06-11,2010-06-11,1,216.4,United Kingdom
17903,2010-11-10,2010-11-10,1,381.09,United Kingdom
17904,2011-11-18,2011-11-18,1,191.67,United Kingdom
17905,2010-01-28,2011-09-29,13,2373.02,United Kingdom
17906,2011-04-06,2011-04-06,1,72.9,United Kingdom
17907,2010-03-09,2010-03-09,1,291.76,United Kingdom
17908,2009-12-14,2010-12-01,5,1411.54,United Kingdom
17909,2009-12-02,2009-12-02,1,132.55,United Kingdom
17910,2009-12-13,2009-12-13,1,261.7,United Kingdom
17911,2011-11-30,2011-11-30,1,366.23,United Kingdom
17912,2010-11-29,2011-02-02,6,372.55,United Kingdom
17913,2009-12-03,2011-10-12,14,3475.44,United Kingdom
17914,2011-12-06,2011-12-06,1,336.43,United Kingdom
17915,2010-06-06,2010-06-06,1,242.13,United Kingdom
17916,2009-12-06,2010-03-21,2,43.87,United Kingdom
17917,2010-12-12,2011-10-25,3,341.28,United Kingdom
17918,2010-07-22,2010-07-27,3,388.44,United Kingdom
17919,2010-09-27,2011-09-12,2,1840.32,United Kingdom
17920,2009-12-06,2011-12-05,54,24492.66,United Kingdom
17921,2010-07-15,2011-10-06,10,2423.5,United Kingdom
17922,2010-06-14,2010-06-14,1,170.4,United Kingdom
17923,2010-06-13,2011-03-02,3,497.0,United Kingdom
17924,2010-10-21,2011-11-28,8,3536.7,United Kingdom
17925,2010-12-02,2010-12-02,1,488.16,United Kingdom
17926,2010-05-09,2011-07-29,5,1035.49,United Kingdom
17927,2009-12-18,2009-12-18,1,294.0,United Kingdom
17928,2010-05-17,2011-10-25,3,313.16,United Kingdom
17929,2009-12-09,2011-11-28,12,3082.1,United Kingdom
17930,2010-03-04,2011-11-04,13,4275.22,United Kingdom
17931,2010-02-16,2011-07-28,14,3437.29,United Kingdom
17932,2011-05-12,2011-11-10,3,1331.57,United Kingdom
17933,2010-03-17,2010-03-17,1,105.99,United Kingdom
17934,2010-10-29,2011-10-19,3,1049.15,United Kingdom
17935,2009-12-04,2011-07-24,7,683.24,United Kingdom
17936,2011-12-04,2011-12-04,1,389.84,United Kingdom
17937,2010-12-12,2011-12-01,7,4301.22,United Kingdom
17938,2010-10-15,2010-10-15,1,144.29,United Kingdom
17939,2011-07-03,2011-07-03,1,99.14,United Kingdom
17940,2009-12-03,2011-10-21,15,28525.33,United Kingdom
17941,2010-01-06,2011-08-01,4,1433.28,United Kingdom
17942,2011-12-02,2011-12-02,1,77.5,United Kingdom
17944,2010-10-12,2010-10-12,1,75.41,United Kingdom
17945,2010-01-12,2010-01-12,3,359.5,United Kingdom
17946,2011-03-25,2011-04-20,2,149.58,United Kingdom
17947,2011-11-02,2011-11-02,1,176.68,United Kingdom
17948,2011-07-15,2011-07-15,1,358.56,United Kingdom
17949,2009-12-02,2011-12-08,116,109147.48,United Kingdom
17950,2010-01-04,2011-09-28,7,1432.81,United Kingdom
17951,2010-10-31,2011-10-31,4,1636.08,United Kingdom
17952,2010-06-16,2010-11-26,4,819.61,United Kingdom
17953,2010-06-17,2010-06-17,1,150.32,United Kingdom
17954,2009-12-09,2011-12-04,19,3963.5,United Kingdom
17955,2010-02-12,2011-05-25,6,949.9,United Kingdom
17956,2011-04-04,2011-04-04,1,12.75,United Kingdom
17957,2011-10-04,2011-10-04,1,110.72,United Kingdom
17958,2009-12-11,2011-08-15,2,973.88,United Kingdom
17959,2010-04-26,2010-04-26,1,140.75,United Kingdom
17960,2010-03-08,2011-06-21,3,135.08,United Kingdom
17961,2009-12-01,2011-11-18,100,2995.54,United Kingdom
17962,2010-01-13,2011-07-20,4,686.37,United Kingdom
17963,2010-01-19,2010-08-25,4,651.51,United Kingdom
17964,2010-12-02,2011-11-08,2,733.46,United Kingdom
17965,2009-12-14,2011-11-02,29,7237.23,United Kingdom
17966,2010-01-18,2011-11-02,10,1974.42,United Kingdom
17967,2010-10-19,2010-12-03,2,357.29,United Kingdom
17968,2010-07-15,2010-12-01,4,888.04,United Kingdom
17969,2009-12-06,2011-06-26,20,2369.94,United Kingdom
17970,2011-05-12,2011-05-12,1,582.59,United Kingdom
17971,2010-06-09,2010-06-09,1,161.94,United Kingdom
17972,2011-04-12,2011-04-12,1,136.04,United Kingdom
17973,2011-10-19,2011-10-19,1,337.04,United Kingdom
17974,2010-10-28,2011-11-15,6,1858.06,United Kingdom
17975,2010-08-06,2011-11-24,24,7025.53,United Kingdom
17976,2010-12-02,2010-12-02,1,706.38,United Kingdom
17977,2010-11-04,2011-11-10,2,1565.63,United Kingdom
17978,2009-12-08,2010-12-09,4,1461.76,United Kingdom
17979,2011-03-25,2011-11-04,4,754.31,United Kingdom
17980,2010-11-11,2011-06-27,4,1033.42,United Kingdom
17981,2010-10-25,2010-10-25,1,239.12,United Kingdom
17982,2010-01-28,2010-01-28,1,138.18,United Kingdom
17983,2010-11-09,2010-11-09,1,171.71,United Kingdom
17984,2009-12-01,2011-07-17,5,1187.77,United Kingdom
17985,2011-11-17,2011-11-17,1,634.95,United Kingdom
17986,2011-10-14,2011-10-14,1,20.8,United Kingdom
17987,2010-06-07,2011-06-07,5,1003.64,United Kingdom
17988,2009-12-07,2011-11-28,13,485.69,United Kingdom
17989,2010-11-25,2010-11-25,1,228.83,United Kingdom
17990,2009-12-07,2011-04-17,6,1527.61,United Kingdom
17991,2010-04-27,2011-04-28,3,318.9,United Kingdom
17992,2010-11-15,2010-11-15,1,254.13,United Kingdom
17993,2010-04-01,2010-04-01,1,235.19,United Kingdom
17994,2010-03-29,2011-08-10,11,2307.32,United Kingdom
17995,2010-11-17,2011-03-03,3,495.48,United Kingdom
17996,2010-06-11,2010-11-25,3,469.73,United Kingdom
17997,2011-06-28,2011-09-26,8,1970.67,United Kingdom
17998,2009-12-01,2010-11-24,3,639.24,United Kingdom
17999,2010-11-26,2011-11-02,3,730.9,United Kingdom
18000,2010-05-24,2010-05-24,1,124.25,United Kingdom
18001,2009-12-02,2011-11-27,6,953.84,United Kingdom
18002,2009-12-08,2010-11-29,4,243.17,United Kingdom
18003,2010-11-28,2010-11-28,1,358.61,United Kingdom
18004,2010-12-12,2010-12-12,1,169.47,United Kingdom
18005,2011-10-23,2011-12-06,2,249.72,United Kingdom
18006,2009-12-17,2011-11-16,4,997.86,United Kingdom
18007,2010-11-12,2010-11-12,1,220.32,United Kingdom
18008,2010-01-06,2011-09-30,23,19787.13,United Kingdom
18009,2010-02-25,2011-04-18,8,2155.83,United Kingdom
18010,2011-03-28,2011-03-28,1,174.8,United Kingdom
18011,2010-05-21,2010-12-01,2,527.03,United Kingdom
18012,2009-12-16,2009-12-16,1,115.3,United Kingdom
18013,2011-07-07,2011-07-07,2,187.29,United Kingdom
18014,2011-11-11,2011-11-11,1,158.47,United Kingdom
18015,2011-12-05,2011-12-05,1,120.03,United Kingdom
18016,2010-01-27,2011-11-07,7,1960.46,United Kingdom
18017,2010-10-04,2011-09-19,4,688.0,United Kingdom
18018,2010-10-15,2011-08-23,4,297.99,United Kingdom
18019,2011-10-19,2011-10-19,1,38.45,United Kingdom
18020,2010-06-14,2010-06-14,1,190.48,United Kingdom
18021,2010-07-15,2010-07-18,2,227.06,United Kingdom
18022,2010-06-11,2011-11-04,5,1651.16,United Kingdom
18024,2011-07-10,2011-07-10,2,389.78,United Kingdom
18025,2010-03-30,2010-11-25,6,1177.72,United Kingdom
18026,2010-07-22,2010-07-27,2,2074.07,United Kingdom
18027,2011-09-02,2011-09-02,1,115.31,United Kingdom
18028,2010-05-05,2010-05-05,1,192.05,United Kingdom
18029,2010-03-07,2010-03-07,1,433.77,United Kingdom
18030,2011-10-28,2011-12-05,2,230.65,United Kingdom
18031,2010-11-26,2010-11-26,1,462.1,United Kingdom
18032,2011-01-09,2011-01-09,1,73.5,United Kingdom
18033,2011-10-05,2011-10-05,1,97.97,United Kingdom
18034,2010-11-29,2011-11-18,3,792.85,United Kingdom
18035,2010-11-19,2011-11-04,5,1276.74,United Kingdom
18036,2009-12-18,2011-11-07,11,1563.64,United Kingdom
18037,2009-12-01,2011-07-08,15,167.42,United Kingdom
18038,2010-06-01,2010-06-01,1,149.41,United Kingdom
18039,2010-03-09,2010-11-30,4,579.17,United Kingdom
18040,2011-04-08,2011-11-20,2,357.2,United Kingdom
18041,2010-01-14,2011-11-28,38,8752.38,United Kingdom
18042,2010-06-16,2011-10-17,2,281.15,United Kingdom
18043,2010-12-08,2011-11-15,3,875.97,United Kingdom
18044,2010-05-28,2011-12-05,18,3505.61,United Kingdom
18045,2011-10-25,2011-10-25,1,189.4,United Kingdom
18046,2010-02-28,2010-02-28,1,189.63,United Kingdom
18047,2010-11-23,2010-11-23,2,342.69,United Kingdom
18048,2010-08-03,2011-05-20,3,401.73,United Kingdom
18049,2010-04-28,2010-09-28,2,556.1,United Kingdom
18050,2010-11-11,2010-12-15,2,412.06,United Kingdom
18051,2009-12-09,2010-03-15,7,2282.28,United Kingdom
18052,2010-05-24,2010-05-24,1,10877.18,United Kingdom
18053,2010-06-30,2011-09-30,3,571.07,United Kingdom
18054,2010-11-12,2010-11-12,1,176.5,United Kingdom
18055,2010-10-22,2011-12-02,14,11195.57,United Kingdom
18056,2010-03-31,2011-02-24,2,554.6,United Kingdom
18057,2010-01-18,2010-11-11,3,1182.39,United Kingdom
18058,2010-02-10,2011-11-30,3,774.06,United Kingdom
18059,2011-10-03,2011-11-16,3,306.46,United Kingdom
18060,2010-05-24,2010-10-27,2,1185.46,United Kingdom
18061,2009-12-04,2011-11-18,28,6488.97,United Kingdom
18062,2010-04-21,2011-06-19,6,1632.67,United Kingdom
18063,2010-03-16,2010-11-14,2,186.6,United Kingdom
18064,2010-02-01,2011-07-29,11,4495.03,United Kingdom
18065,2009-12-09,2011-12-04,28,5846.63,United Kingdom
18066,2010-10-20,2011-09-25,3,1440.4,United Kingdom
18067,2011-10-30,2011-10-30,1,396.33,United Kingdom
18068,2011-02-23,2011-02-23,1,101.7,United Kingdom
18069,2010-02-28,2011-11-13,11,4524.66,United Kingdom
18070,2010-02-08,2010-02-08,1,314.1,United Kingdom
18071,2009-12-05,2011-03-27,6,1428.63,United Kingdom
18072,2011-06-07,2011-06-07,1,247.44,United Kingdom
18073,2011-05-26,2011-08-17,12,3877.52,United Kingdom
18074,2010-07-22,2010-12-01,2,1509.04,United Kingdom
18075,2010-07-29,2011-11-16,20,5783.29,United Kingdom
18076,2010-11-24,2010-11-24,1,151.49,United Kingdom
18077,2009-12-07,2011-12-01,18,4338.56,United Kingdom
18078,2010-03-21,2011-05-06,4,844.6,United Kingdom
18079,2010-08-05,2011-10-25,5,4242.75,United Kingdom
18080,2011-04-11,2011-11-21,2,1231.5,United Kingdom
18081,2011-07-29,2011-11-03,3,343.45,United Kingdom
18082,2011-11-14,2011-11-14,1,703.37,United Kingdom
18083,2010-11-07,2010-11-07,1,470.73,United Kingdom
18084,2010-11-16,2011-11-23,3,812.93,United Kingdom
18085,2010-03-21,2011-01-13,4,1645.75,United Kingdom
18086,2011-03-10,2011-03-10,1,101.34,United Kingdom
18087,2009-12-01,2011-02-22,16,13908.72,United Kingdom
18088,2011-10-09,2011-10-09,1,167.67,United Kingdom
18089,2010-09-19,2010-09-19,1,428.45,United Kingdom
18090,2010-10-14,2010-10-14,1,349.4,United Kingdom
18091,2010-04-25,2010-04-25,1,360.85,United Kingdom
18092,2009-12-04,2011-12-07,18,16179.44,United Kingdom
18093,2010-03-31,2011-09-07,8,4452.71,United Kingdom
18094,2010-01-07,2011-09-19,13,6391.52,United Kingdom
18095,2010-04-19,2011-01-31,5,2303.09,United Kingdom
18096,2010-07-14,2011-11-28,6,1785.57,United Kingdom
18097,2009-12-17,2011-12-02,11,4663.32,United Kingdom
18098,2010-11-08,2010-11-08,1,550.84,United Kingdom
18099,2011-08-04,2011-08-04,1,168.31,United Kingdom
18100,2010-06-07,2010-06-07,1,451.56,United Kingdom
18101,2010-02-03,2011-11-28,5,629.16,United Kingdom
18102,2009-12-01,2011-12-09,145,608821.65,United Kingdom
18103,2010-06-08,2010-06-08,1,105.8,United Kingdom
18104,2011-11-02,2011-11-02,1,754.64,United Kingdom
18105,2011-11-02,2011-11-02,1,113.48,United Kingdom
18106,2010-01-15,2011-01-14,6,1461.46,United Kingdom
18107,2010-09-23,2010-09-23,1,167.13,United Kingdom
18108,2009-12-02,2011-03-30,3,848.81,United Kingdom
18109,2010-07-01,2011-12-08,38,9893.96,United Kingdom
18110,2010-10-24,2011-11-20,2,435.43,United Kingdom
18111,2010-04-29,2010-04-29,1,405.85,United Kingdom
18112,2010-06-06,2011-11-27,4,775.96,United Kingdom
18113,2010-12-06,2010-12-06,1,152.64,United Kingdom
18114,2011-02-22,2011-02-22,1,220.1,United Kingdom
18115,2010-01-11,2010-01-11,1,9.7,United Kingdom
18116,2010-10-24,2011-10-03,13,2150.7,United Kingdom
18117,2011-11-14,2011-11-14,1,319.47,United Kingdom
18118,2010-11-23,2011-11-29,29,6730.82,United Kingdom
18119,2010-12-07,2010-12-07,1,362.24,United Kingdom
18120,2011-05-09,2011-05-09,1,111.15,United Kingdom
18121,2011-07-08,2011-07-13,2,673.1,United Kingdom
18122,2011-07-12,2011-12-01,6,1824.99,United Kingdom
18123,2010-07-14,2011-11-15,3,684.59,United Kingdom
18124,2010-08-24,2010-08-24,1,111.53,United Kingdom
18125,2011-01-27,2011-11-10,4,1142.99,United Kingdom
18126,2011-10-10,2011-10-10,1,204.49,United Kingdom
18127,2010-11-01,2011-11-20,4,561.53,United Kingdom
18128,2010-06-20,2010-06-20,1,420.04,United Kingdom
18129,2011-04-10,2011-04-10,1,112.55,United Kingdom
18130,2011-10-13,2011-11-24,3,1059.39,United Kingdom
18131,2010-03-18,2010-03-18,1,222.96,United Kingdom
18132,2010-07-23,2010-07-23,1,226.9,United Kingdom
18133,2011-05-11,2011-05-11,1,931.5,United Kingdom
18134,2010-01-14,2010-04-20,2,445.0,United Kingdom
18135,2010-03-15,2011-11-10,10,1249.62,United Kingdom
18136,2010-09-14,2011-10-07,5,1631.36,United Kingdom
18137,2010-06-06,2010-06-06,2,145.99,United Kingdom
18138,2011-02-17,2011-02-17,1,152.65,United Kingdom
18139,2011-11-21,2011-11-22,6,8438.34,United Kingdom
18140,2010-08-23,2010-08-23,1,536.41,West Indies
18141,2010-04-29,2010-11-03,2,882.47,United Kingdom
18142,2011-05-08,2011-07-05,2,1019.52,United Kingdom
18143,2011-07-21,2011-08-15,2,1000.16,United Kingdom
18144,2009-12-16,2011-12-02,19,5058.0,United Kingdom
18145,2009-12-08,2011-11-27,11,5617.79,United Kingdom
18146,2011-05-03,2011-07-22,2,160.35,United Kingdom
18147,2011-08-23,2011-10-25,2,179.34,United Kingdom
18148,2010-03-03,2010-03-03,1,114.1,United Kingdom
18149,2010-03-14,2011-10-20,7,1624.71,United Kingdom
18150,2011-05-22,2011-11-07,3,566.58,United Kingdom
18151,2010-03-04,2011-07-28,6,1879.44,United Kingdom
18152,2010-03-03,2010-03-03,1,426.69,United Kingdom
18153,2010-02-18,2010-02-18,1,246.22,United Kingdom
18154,2010-08-06,2011-12-06,5,932.6,United Kingdom
18155,2011-02-21,2011-09-25,3,371.62,United Kingdom
18156,2010-12-05,2011-11-27,2,941.17,United Kingdom
18157,2010-05-17,2010-05-17,1,215.35,United Kingdom
18158,2011-09-12,2011-11-30,2,453.4,United Kingdom
18159,2011-02-11,2011-02-11,1,530.15,United Kingdom
18160,2010-11-18,2011-10-13,3,1003.88,United Kingdom
18161,2010-11-25,2011-11-24,6,1803.1,United Kingdom
18162,2009-12-07,2009-12-07,1,379.16,United Kingdom
18163,2010-05-04,2010-05-04,1,728.84,United Kingdom
18164,2011-11-02,2011-11-02,1,399.65,United Kingdom
18165,2011-06-15,2011-06-15,1,302.46,United Kingdom
18166,2010-03-26,2010-03-26,1,175.5,United Kingdom
18167,2011-08-26,2011-11-16,3,1384.86,United Kingdom
18168,2009-12-03,2011-06-16,16,3770.27,United Kingdom
18169,2011-10-10,2011-10-10,1,202.65,United Kingdom
18170,2010-01-08,2011-11-06,9,2878.0,United Kingdom
18171,2010-01-05,2011-10-12,9,2437.31,United Kingdom
18172,2009-12-11,2011-11-25,52,17479.84,United Kingdom
18173,2010-04-06,2011-09-14,5,2696.36,United Kingdom
18174,2010-04-15,2011-12-02,2,162.5,United Kingdom
18175,2010-02-02,2010-02-02,1,176.1,United Kingdom
18176,2010-12-16,2010-12-16,1,476.35,United Kingdom
18177,2009-12-15,2011-11-08,9,2216.87,United Kingdom
18178,2010-02-18,2011-08-03,11,6103.74,United Kingdom
18179,2010-02-14,2011-11-30,8,2547.55,United Kingdom
18180,2011-07-20,2011-12-05,6,1843.75,United Kingdom
18181,2009-12-04,2011-11-15,5,1205.94,United Kingdom
18182,2010-09-02,2010-09-02,1,291.13,United Kingdom
18183,2011-03-10,2011-04-26,2,632.07,United Kingdom
18184,2011-11-24,2011-11-24,1,49.8,United Kingdom
18185,2011-04-04,2011-04-04,1,304.25,United Kingdom
18186,2009-12-17,2009-12-17,1,329.58,United Kingdom
18187,2010-03-18,2010-03-18,1,724.89,United Kingdom
18188,2010-03-26,2011-11-24,6,3280.59,United Kingdom
18189,2010-03-24,2011-09-23,3,1403.73,United Kingdom
18190,2009-12-22,2011-05-31,5,745.62,United Kingdom
18191,2010-08-19,2011-03-23,2,529.4,United Kingdom
18192,2011-09-29,2011-09-29,1,957.97,United Kingdom
18193,2010-09-23,2011-06-27,3,1207.35,United Kingdom
18194,2010-01-28,2011-09-18,6,4162.04,United Kingdom
18195,2010-11-17,2010-11-17,1,101.16,United Kingdom
18196,2010-03-17,2011-09-05,4,1462.39,United Kingdom
18197,2010-05-13,2010-05-13,1,230.1,United Kingdom
18198,2011-01-07,2011-12-05,17,5425.56,United Kingdom
18199,2010-01-25,2010-01-25,1,344.75,United Kingdom
18200,2011-08-25,2011-08-25,1,163.8,United Kingdom
18201,2009-12-17,2009-12-17,1,447.53,United Kingdom
18202,2011-02-01,2011-05-24,3,1396.99,United Kingdom
18203,2009-12-08,2011-07-05,4,494.42,United Kingdom
18204,2011-05-31,2011-09-29,3,1993.7,United Kingdom
18205,2011-09-26,2011-11-03,2,517.36,United Kingdom
18206,2010-06-04,2010-06-04,1,314.66,United Kingdom
18207,2010-07-28,2010-07-28,1,544.47,United Kingdom
18208,2010-05-23,2010-05-23,1,360.08,United Kingdom
18209,2011-11-11,2011-11-11,1,139.1,United Kingdom
18210,2010-11-22,2011-12-08,7,2768.83,United Kingdom
18211,2011-03-06,2011-11-14,5,600.07,United Kingdom
18212,2010-01-31,2011-01-17,2,546.72,United Kingdom
18213,2011-04-17,2011-04-17,1,232.48,United Kingdom
18214,2010-06-03,2010-06-27,4,1780.34,United Kingdom
18215,2010-03-26,2011-09-11,5,2247.49,United Kingdom
18216,2011-11-08,2011-11-08,1,481.75,United Kingdom
18217,2010-07-01,2011-11-10,4,945.04,United Kingdom
18218,2010-02-17,2011-05-12,4,1142.0,United Kingdom
18219,2009-12-07,2011-12-07,17,3562.89,United Kingdom
18220,2009-12-15,2011-04-27,6,1921.76,United Kingdom
18221,2010-11-14,2011-11-17,6,1424.94,United Kingdom
18222,2011-09-08,2011-09-08,1,443.0,United Kingdom
18223,2009-12-04,2011-12-05,26,14000.85,United Kingdom
18224,2011-03-21,2011-03-21,1,158.95,United Kingdom
18225,2009-12-04,2011-12-06,26,13054.26,United Kingdom
18226,2010-03-05,2011-10-26,26,11878.88,United Kingdom
18227,2010-08-12,2011-05-06,2,388.75,United Kingdom
18228,2011-09-21,2011-10-14,2,779.9,United Kingdom
18229,2009-12-03,2011-11-28,28,10803.71,United Kingdom
18230,2010-07-02,2011-11-30,9,4291.06,United Kingdom
18231,2010-01-10,2011-05-31,28,6875.07,United Kingdom
18232,2011-05-26,2011-09-19,4,592.97,United Kingdom
18233,2011-01-18,2011-01-18,1,440.0,United Kingdom
18234,2010-06-06,2010-06-06,1,179.6,United Kingdom
18235,2011-05-06,2011-09-29,3,1796.48,United Kingdom
18236,2010-04-15,2011-11-10,12,1795.35,United Kingdom
18237,2011-07-28,2011-12-07,5,987.1,United Kingdom
18238,2010-07-12,2010-07-12,1,270.92,United Kingdom
18239,2010-10-13,2011-05-05,6,2150.36,United Kingdom
18240,2011-10-24,2011-10-24,1,422.58,United Kingdom
18241,2010-04-01,2011-11-30,21,2986.99,United Kingdom
18242,2010-01-11,2011-09-28,8,3605.21,United Kingdom
18243,2010-10-21,2010-10-21,1,515.78,United Kingdom
18244,2010-07-25,2010-10-05,2,568.64,United Kingdom
18245,2010-03-08,2011-12-02,20,6324.98,United Kingdom
18246,2010-04-09,2011-11-16,3,758.82,United Kingdom
18247,2010-03-18,2010-10-21,3,839.73,United Kingdom
18248,2011-06-06,2011-08-09,2,804.02,United Kingdom
18249,2011-11-22,2011-11-22,1,95.34,United Kingdom
18250,2011-02-02,2011-02-02,1,349.27,United Kingdom
18251,2009-12-22,2011-09-13,9,26278.86,United Kingdom
18252,2009-12-18,2011-10-20,7,1542.09,United Kingdom
18253,2010-03-07,2010-03-07,1,317.88,United Kingdom
18254,2010-05-07,2010-05-07,1,267.9,United Kingdom
18255,2010-09-09,2011-09-11,2,303.15,United Kingdom
18256,2010-11-17,2010-11-17,1,110.7,United Kingdom
18257,2010-02-18,2011-10-31,12,4585.15,United Kingdom
18258,2010-05-16,2010-09-01,6,2059.67,United Kingdom
18259,2009-12-08,2011-11-15,7,4318.2,United Kingdom
18260,2009-12-15,2011-06-20,23,9962.11,United Kingdom
18261,2011-09-05,2011-10-27,2,324.24,United Kingdom
18262,2010-04-16,2011-07-22,3,577.54,United Kingdom
18263,2011-04-01,2011-11-14,3,1213.16,United Kingdom
18264,2010-07-29,2010-07-29,1,603.25,United Kingdom
18265,2011-07-04,2011-09-28,2,801.51,United Kingdom
18266,2010-10-01,2010-10-01,1,251.1,United Kingdom
18267,2010-02-05,2010-02-05,1,269.37,United Kingdom
18268,2009-12-11,2011-07-28,6,1490.23,United Kingdom
18269,2010-12-08,2010-12-08,1,337.2,United Kingdom
18270,2010-10-03,2011-11-01,3,444.55,United Kingdom
18271,2009-12-08,2010-04-09,2,680.85,United Kingdom
18272,2010-03-04,2011-12-07,9,4385.98,United Kingdom
18273,2010-04-28,2011-12-07,4,357.0,United Kingdom
18274,2011-11-09,2011-11-09,1,175.92,United Kingdom
18275,2009-12-08,2010-05-10,2,741.85,United Kingdom
18276,2009-12-10,2011-10-27,6,1656.52,United Kingdom
18277,2010-08-02,2011-10-12,5,1180.05,United Kingdom
18278,2010-10-31,2011-09-27,2,414.2,United Kingdom
18279,2010-07-08,2010-07-08,1,231.34,United Kingdom
18280,2010-11-10,2011-03-07,2,488.15,United Kingdom
18281,2010-05-11,2011-06-12,2,201.14,United Kingdom
18282,2011-08-05,2011-12-02,2,178.05,United Kingdom
18283,2010-02-19,2011-12-06,22,2730.7,United Kingdom
18284,2010-10-04,2010-10-04,1,411.68,United Kingdom
18285,2010-02-17,2010-02-17,1,377.0,United Kingdom
18286,2009-12-16,2010-08-20,2,1246.43,United Kingdom
18287,2010-05-17,2011-10-28,7,4132.99,United Kingdom
